date,btc_bid,btc_bid_size,btc_ask,btc_ask_size,btc_daily_change,btc_daily_change_percent,btc_last_price,btc_volume,btc_high,btc_low,usd_frr,usd_bid,usd_bid_size,usd_bid_period,usd_ask,usd_ask_size,usd_ask_period,usd_daily_change,usd_daily_change_percent,usd_last_price,usd_volume,usd_high,usd_low,target
1504310400000,1,1,1,1,0,0,1,1,1,1,0,0,1,0,0,1,0,0,0,0,1,1,1,0
1504396800000,0,1,0,1,0,0,0,1,1,0,0,1,1,0,1,1,1,1,1,1,1,1,1,1
1504483200000,1,1,1,1,1,1,1,0,0,0,0,0,1,1,0,0,1,0,0,0,0,1,1,0
1504569600000,0,1,0,1,0,0,0,1,0,0,0,1,1,1,1,1,0,0,0,1,1,1,1,1
1504656000000,1,1,1,1,1,1,1,0,0,0,0,0,1,1,0,1,0,0,0,0,0,1,1,1
1504742400000,1,1,1,1,1,1,1,0,1,1,0,0,1,0,0,1,1,1,0,0,0,1,1,1
1504828800000,1,1,1,1,0,0,1,0,1,1,0,0,1,1,0,1,1,1,1,0,0,1,1,0
1504915200000,0,1,0,1,0,0,0,1,1,0,0,0,1,1,0,1,0,1,1,0,1,1,1,1
1505001600000,1,0,1,0,1,1,1,0,0,1,0,1,1,1,1,1,1,0,0,0,0,1,1,0
1505088000000,0,1,0,1,0,0,0,1,0,0,1,1,0,0,0,1,1,1,1,1,1,1,1,0
1505174400000,0,0,0,1,0,0,0,0,1,1,0,0,1,1,1,1,1,0,0,0,0,1,1,1
1505260800000,1,1,1,0,1,1,1,1,0,0,0,1,0,1,0,1,0,1,1,1,1,1,1,0
1505347200000,0,0,0,0,0,0,0,1,0,0,0,0,1,0,1,1,1,0,0,0,0,1,1,0
1505433600000,0,1,0,0,0,0,0,1,0,0,0,0,1,1,0,1,0,0,0,0,1,1,1,1
1505520000000,1,1,1,1,1,1,1,1,0,0,0,0,1,0,0,1,0,1,1,0,1,1,1,0
1505606400000,0,0,0,0,0,0,0,0,1,1,0,0,1,1,0,1,0,0,0,0,0,1,1,0
1505692800000,1,0,0,0,1,1,0,0,0,0,0,0,0,0,1,1,1,1,1,1,0,1,1,1
1505779200000,1,1,1,1,1,1,1,1,1,1,0,0,1,1,0,1,0,1,1,0,1,1,1,0
1505865600000,0,0,0,0,0,0,0,0,1,1,0,0,1,0,0,1,1,0,0,0,1,1,1,1
1505952000000,1,1,1,1,1,1,1,0,0,0,0,0,1,1,0,1,0,1,1,0,0,1,1,0
1506038400000,0,0,0,1,0,0,0,1,0,0,0,0,0,0,0,1,1,0,0,0,1,1,1,0
1506124800000,0,1,0,0,1,1,0,0,0,0,0,0,1,1,0,1,1,0,0,0,0,1,1,1
1506211200000,1,0,1,1,1,1,1,0,1,1,0,1,1,1,1,1,0,1,1,1,0,1,1,0
1506297600000,0,1,0,0,0,0,0,0,0,1,0,0,1,0,1,1,1,0,0,0,0,1,1,1
1506384000000,1,1,1,1,1,1,1,1,1,1,0,0,1,0,0,1,1,0,0,0,1,1,1,0
1506470400000,0,0,0,0,0,0,0,0,1,1,0,1,1,1,1,1,1,1,1,0,0,1,1,1
1506556800000,1,1,1,1,1,1,1,1,1,1,1,1,1,1,0,1,0,0,0,0,1,1,1,0
1506643200000,0,0,0,0,0,0,0,0,1,1,0,0,1,1,1,1,1,1,1,1,0,1,1,0
1506729600000,0,0,0,1,0,0,0,0,0,0,0,1,1,0,0,1,0,0,0,1,1,1,1,1
1506816000000,1,1,1,0,1,1,1,0,1,1,0,1,1,0,0,1,0,0,0,0,0,1,1,1
1506902400000,1,1,1,1,0,0,1,0,0,1,1,1,1,0,1,1,1,1,1,1,0,1,1,1
1506988800000,1,0,1,0,1,1,1,1,1,1,1,1,1,1,1,1,1,1,1,1,1,1,1,0
1507075200000,0,0,0,0,0,0,0,0,0,0,0,0,1,0,0,1,1,1,1,0,0,1,1,0
1507161600000,0,1,0,1,1,1,0,0,0,0,0,0,1,1,0,1,0,0,0,0,1,1,1,1
1507248000000,1,1,1,0,1,1,1,0,1,0,0,0,1,0,0,1,0,0,0,0,0,1,1,1
1507334400000,1,0,1,0,0,0,1,1,1,1,0,1,1,1,1,1,1,1,1,1,1,1,1,1
1507420800000,1,1,1,1,1,1,1,0,0,1,0,1,0,0,1,1,0,1,1,1,0,1,1,1
1507507200000,1,1,1,1,1,1,1,1,1,1,0,1,1,0,0,1,0,0,0,0,1,1,1,1
1507593600000,1,1,1,1,0,0,1,1,1,1,0,0,0,0,0,0,0,0,0,0,1,1,1,1
1507680000000,1,0,1,0,0,0,1,0,1,1,0,1,1,1,1,1,1,1,1,1,0,1,1,0
1507766400000,0,1,0,1,0,0,0,0,0,0,1,0,0,0,0,0,0,0,0,1,0,1,1,1
1507852800000,1,1,1,1,1,1,1,1,1,1,1,1,1,1,1,1,1,1,1,1,1,1,1,1
1507939200000,1,0,1,1,0,0,1,1,1,1,1,1,1,1,1,1,1,1,1,1,1,1,1,1
1508025600000,1,0,1,0,0,0,1,0,0,1,1,0,0,0,0,0,0,0,0,1,0,1,1,0
1508112000000,0,1,0,0,0,0,0,1,1,0,1,1,1,1,1,1,1,0,0,1,1,1,1,1
1508198400000,1,0,1,1,1,1,1,0,0,1,0,0,0,0,0,0,0,0,0,0,0,1,1,0
1508284800000,0,0,0,0,0,0,0,0,1,0,0,1,1,1,1,1,1,0,0,0,1,1,1,0
1508371200000,0,1,0,1,1,1,0,1,0,0,0,0,1,1,0,1,1,1,1,0,1,1,1,1
1508457600000,1,1,1,1,1,1,1,0,1,1,0,0,1,0,1,1,1,1,1,1,0,1,1,1
1508544000000,1,1,1,0,1,1,1,1,1,1,0,1,1,1,0,1,1,0,0,0,1,1,1,1
1508630400000,1,0,1,0,0,0,1,0,1,1,0,0,0,0,0,1,0,0,0,0,1,1,1,0
1508716800000,0,0,0,1,0,0,0,0,0,0,0,0,1,0,0,1,0,1,0,0,0,1,1,0
1508803200000,0,1,0,0,1,1,0,1,0,0,0,0,1,1,0,1,1,0,0,0,1,1,1,0
1508889600000,0,1,0,0,0,0,0,1,0,0,0,0,1,0,1,1,1,1,1,1,1,1,1,1
1508976000000,1,0,1,1,1,1,1,0,0,0,0,1,1,0,0,0,0,0,0,0,0,1,1,1
1509062400000,1,1,1,1,0,0,1,0,1,1,0,0,1,0,0,1,1,0,0,0,1,1,1,0
1509148800000,0,0,0,0,0,0,0,0,1,1,0,0,1,0,0,1,0,1,1,1,0,1,1,0
1509235200000,0,1,0,1,1,1,0,0,0,0,0,0,1,1,0,1,1,0,0,0,0,1,1,1
1509321600000,1,0,1,0,1,1,1,1,1,1,0,1,1,1,1,1,1,0,0,0,1,1,1,0
1509408000000,0,0,0,1,0,0,0,0,0,1,0,0,1,1,0,0,0,1,1,1,0,1,1,1
1509494400000,1,1,1,0,1,1,1,1,1,1,1,1,0,0,1,1,0,0,0,1,1,1,1,1
1509580800000,1,1,1,1,0,0,1,1,1,1,0,0,0,0,0,0,0,1,1,1,1,1,1,1
1509667200000,1,0,1,1,1,1,1,1,1,1,0,0,1,0,0,1,1,0,0,0,1,1,1,1
1509753600000,1,1,1,1,0,0,1,0,1,1,1,0,1,0,0,1,0,1,1,1,0,1,1,1
1509840000000,1,0,1,0,1,1,1,0,1,1,1,1,1,0,1,1,0,1,1,1,0,1,1,0
1509926400000,0,1,0,1,0,0,0,0,1,1,1,0,1,0,1,1,1,1,1,0,0,1,1,0
1510012800000,0,1,0,0,0,0,0,1,0,0,1,1,1,0,1,0,0,0,0,1,1,1,1,1
1510099200000,1,0,1,0,1,1,1,0,0,0,1,1,0,1,0,1,0,0,0,0,0,1,1,1
1510185600000,1,0,1,0,1,1,1,1,1,1,0,0,1,0,0,1,1,1,1,1,1,1,1,0
1510272000000,0,1,0,0,0,0,0,0,0,1,0,1,0,1,1,1,0,1,1,0,0,1,1,0
1510358400000,0,1,0,1,0,0,0,1,0,0,0,0,1,0,0,1,1,1,1,1,1,1,1,0
1510444800000,0,0,0,1,0,0,0,0,0,0,0,1,1,1,1,1,0,1,1,1,0,1,1,0
1510531200000,0,1,0,1,0,0,0,1,0,0,0,0,1,0,0,1,0,0,0,0,1,1,1,1
1510617600000,1,0,1,1,1,1,1,0,1,1,0,1,1,0,1,1,1,1,1,1,0,1,1,1
1510704000000,1,1,1,0,0,0,1,0,1,1,0,1,0,0,0,1,0,0,0,0,0,1,1,1
1510790400000,1,1,1,1,1,1,1,1,1,1,0,1,1,1,0,0,0,0,0,0,1,1,1,1
1510876800000,1,0,1,0,0,0,1,1,1,1,0,0,1,1,1,1,1,1,1,1,1,1,1,0
1510963200000,0,1,0,1,0,0,0,0,1,1,0,1,0,0,0,1,1,1,1,0,0,1,1,1
1511049600000,1,0,1,0,1,1,1,0,0,0,0,0,1,0,0,1,0,0,0,0,0,1,1,1
1511136000000,1,1,1,1,1,1,1,0,1,1,0,1,1,1,1,1,1,1,1,1,1,1,1,1
1511222400000,1,1,1,1,1,1,1,0,1,1,1,0,1,1,1,1,1,1,1,1,0,1,1,0
1511308800000,0,1,0,1,0,0,0,1,1,0,0,1,0,0,1,1,1,0,0,1,1,1,1,1
1511395200000,1,0,1,1,1,1,1,0,0,1,0,1,1,1,0,1,0,0,0,1,0,1,1,0
1511481600000,0,1,0,1,0,0,0,0,0,1,0,0,1,0,0,1,0,0,0,0,1,1,1,1
1511568000000,1,0,1,0,1,1,1,1,1,0,0,1,1,1,0,1,1,1,1,1,1,1,1,1
1511654400000,1,1,1,0,1,1,1,0,1,1,0,0,0,0,1,1,1,0,0,0,1,1,1,1
1511740800000,1,0,1,0,1,1,1,1,1,1,1,1,1,0,1,1,0,1,1,1,1,1,1,1
1511827200000,1,1,1,0,0,0,1,0,1,1,0,0,0,1,1,1,1,1,1,1,1,1,1,1
1511913600000,1,0,1,1,1,0,1,0,1,1,0,0,1,0,1,1,1,0,0,1,0,1,1,1
1512000000000,1,1,1,1,0,0,1,1,1,0,1,1,1,1,1,1,1,0,0,0,1,1,1,0
1512086400000,0,1,0,0,0,0,0,0,0,0,0,1,0,0,0,0,0,1,1,1,0,1,1,1
1512172800000,1,1,1,1,1,1,1,0,1,1,0,0,1,1,1,1,1,0,0,0,0,1,1,1
1512259200000,1,0,1,0,0,0,1,0,1,1,0,1,1,1,1,1,0,1,1,1,0,1,1,1
1512345600000,1,0,1,1,0,0,1,1,1,0,0,1,1,0,1,1,1,0,0,0,1,1,1,1
1512432000000,1,0,1,1,1,1,1,0,0,1,0,0,1,1,1,1,1,1,1,1,0,1,1,1
1512518400000,1,1,1,0,0,0,1,0,1,1,0,0,1,0,0,1,0,0,0,1,1,1,1,1
1512604800000,1,1,1,1,1,1,1,1,1,1,0,1,0,1,0,1,0,0,0,0,1,1,1,1
1512691200000,1,0,1,0,1,1,1,1,1,1,1,1,0,0,1,1,1,1,1,0,1,1,1,0
1512777600000,0,1,0,0,0,0,0,0,1,1,1,1,1,1,1,1,1,1,1,1,0,1,1,0
1512864000000,0,0,0,0,0,0,0,0,0,0,0,0,1,0,0,1,0,0,0,0,0,1,1,0
1512950400000,0,1,0,1,1,1,0,1,0,0,0,1,1,1,0,1,1,0,0,0,0,1,1,1
1513036800000,1,0,1,0,1,1,1,0,1,1,0,0,1,1,1,1,1,1,1,1,1,1,1,1
1513123200000,1,1,1,1,0,0,1,0,1,1,0,1,1,1,0,1,0,0,0,0,1,1,1,0
1513209600000,0,0,0,1,0,0,0,1,0,0,1,1,1,1,1,1,1,1,1,1,1,1,1,1
1513296000000,1,1,1,0,1,1,1,0,0,1,1,1,1,0,0,1,0,1,1,1,0,1,1,1
1513382400000,1,1,1,0,1,1,1,1,1,1,1,0,1,0,1,1,1,1,1,1,1,1,1,1
1513468800000,1,1,1,1,1,1,1,0,1,1,1,1,0,1,1,0,0,1,1,1,0,1,1,0
1513555200000,0,0,0,0,0,0,0,1,1,1,1,1,1,0,1,1,1,0,0,1,1,1,1,0
1513641600000,0,1,0,1,0,0,0,1,0,0,1,1,1,0,1,1,1,1,1,0,1,1,1,0
1513728000000,0,0,0,0,0,0,0,1,0,0,0,0,1,1,0,1,0,0,0,0,1,1,1,0
1513814400000,0,1,0,0,1,1,0,1,0,0,1,1,0,0,1,1,0,1,1,1,0,1,1,0
1513900800000,0,0,0,1,1,1,0,0,0,0,1,1,1,0,1,1,1,0,0,0,0,1,1,0
1513987200000,0,1,0,1,0,0,0,1,0,0,0,0,1,1,0,1,0,0,0,0,1,1,1,0
1514073600000,0,0,0,0,1,1,0,0,0,1,0,0,1,0,0,1,1,1,1,0,0,1,1,0
1514160000000,0,0,0,1,0,0,0,1,0,0,0,0,0,1,0,1,0,1,1,1,0,1,1,1
1514246400000,1,1,1,0,1,1,1,0,0,1,0,1,1,1,1,0,1,1,1,0,0,1,1,1
1514332800000,1,0,1,1,1,1,1,1,1,1,0,0,1,0,0,1,1,1,1,0,1,1,1,0
1514419200000,0,1,0,1,0,0,0,0,1,1,0,1,1,0,1,0,1,0,0,0,0,1,1,0
1514505600000,0,0,0,0,0,0,0,1,0,0,0,0,1,1,0,1,0,0,0,0,0,1,1,1
1514592000000,1,1,1,0,1,1,1,0,0,1,0,1,0,0,1,1,1,1,1,1,1,1,1,0
1514678400000,0,1,0,1,0,0,0,1,0,0,0,0,1,1,0,0,1,0,0,0,1,1,1,1
1514764800000,1,1,1,0,1,1,1,0,0,1,0,1,1,1,0,1,1,1,1,0,0,1,1,0
1514851200000,0,0,0,1,0,0,0,0,0,1,0,1,1,1,1,0,0,0,0,1,0,1,1,1
1514937600000,1,0,1,1,1,1,1,1,1,1,0,0,1,1,0,1,1,0,0,0,1,1,1,1
1515024000000,1,1,1,0,0,0,1,0,0,1,0,0,0,1,0,1,0,0,0,0,1,1,1,1
1515110400000,1,0,1,0,1,1,1,1,0,0,0,1,1,1,1,1,1,1,1,1,0,1,1,1
1515196800000,1,0,1,1,1,1,1,1,1,1,0,0,0,0,0,1,0,1,1,0,1,1,1,1
1515283200000,1,1,1,0,0,0,1,0,1,1,0,1,1,1,1,1,1,0,0,1,0,1,1,0
1515369600000,0,1,0,1,0,0,0,0,0,0,0,0,1,0,1,1,1,1,1,1,1,1,1,0
1515456000000,0,0,0,1,0,0,0,1,0,0,0,0,1,0,0,1,0,0,0,0,1,1,1,0
1515542400000,0,1,0,1,1,1,0,0,0,1,0,0,1,1,0,1,0,1,1,0,0,1,1,1
1515628800000,1,1,1,1,1,1,1,1,0,0,0,1,1,1,1,1,1,1,1,1,1,1,1,0
1515715200000,0,1,0,0,0,0,0,1,1,0,0,0,1,0,1,1,0,1,1,1,0,1,1,1
1515801600000,1,0,1,1,1,1,1,0,0,1,0,0,1,1,0,1,1,0,0,0,0,1,1,1
1515888000000,1,1,1,1,1,1,1,0,1,1,1,0,1,0,0,1,1,0,0,0,1,1,1,0
1515974400000,0,1,0,0,0,0,0,1,0,0,1,1,1,1,1,1,0,0,0,1,0,1,1,1
1516060800000,1,0,1,1,1,1,1,0,0,1,0,0,1,1,0,1,1,1,1,0,0,1,1,0
1516147200000,0,1,0,1,0,0,0,1,0,0,0,0,1,1,0,1,1,0,0,0,1,1,1,0
1516233600000,0,0,0,0,1,1,0,1,0,0,0,0,1,0,0,1,0,1,1,1,0,1,1,1
1516320000000,1,0,1,1,1,1,1,0,1,1,0,0,1,0,0,1,0,0,0,0,0,1,1,1
1516406400000,1,1,1,1,0,0,1,0,0,1,0,0,1,1,0,0,1,0,0,0,0,1,1,1
1516492800000,1,0,1,0,1,1,1,0,1,1,0,0,1,0,0,1,1,1,1,0,1,1,1,0
1516579200000,0,1,0,1,0,0,0,1,0,0,0,1,0,1,1,1,0,1,1,1,0,1,1,0
1516665600000,0,1,0,0,1,1,0,1,0,0,0,0,1,1,0,1,0,0,0,0,1,1,1,1
1516752000000,1,0,1,1,1,1,1,0,0,0,0,0,1,0,0,1,0,0,0,0,0,1,1,1
1516838400000,1,0,1,0,0,0,1,0,1,1,0,0,1,0,0,1,0,1,1,1,0,1,1,1
1516924800000,1,1,1,1,0,0,1,0,1,1,0,0,1,1,1,1,1,1,1,1,1,1,1,0
1517011200000,0,1,0,1,0,0,0,1,0,0,0,1,1,1,0,1,1,0,0,0,1,1,1,1
1517097600000,1,0,1,0,1,1,1,0,0,1,0,1,0,0,1,1,1,1,1,1,0,1,1,1
1517184000000,1,1,1,0,0,0,1,0,1,1,0,1,1,0,1,1,0,0,0,1,1,1,1,0
1517270400000,0,1,0,1,0,0,0,0,0,0,0,1,1,0,0,1,1,1,1,1,0,1,1,0
1517356800000,0,1,0,0,0,0,0,1,0,0,0,0,1,0,0,1,0,0,0,0,1,1,1,0
1517443200000,0,0,0,1,1,1,0,0,0,0,0,0,1,0,1,1,0,1,1,1,0,1,1,0
1517529600000,0,0,0,0,0,0,0,1,0,0,0,0,1,0,1,1,1,0,0,1,1,1,1,0
1517616000000,0,0,0,1,1,1,0,1,0,0,0,0,1,0,0,1,1,0,0,0,1,1,1,1
1517702400000,1,1,1,0,1,1,1,0,1,1,0,0,1,1,0,1,0,0,0,0,0,1,1,0
1517788800000,0,0,0,0,0,0,0,1,0,0,0,0,1,0,0,1,1,1,1,1,1,1,1,0
1517875200000,0,1,0,1,0,0,0,1,0,0,0,0,1,1,0,1,0,0,0,1,1,1,1,1
1517961600000,1,1,1,0,1,1,1,1,0,0,0,0,1,0,0,1,1,0,0,0,1,1,1,1
1518048000000,1,0,1,1,0,0,1,0,1,1,0,0,1,0,1,1,1,0,0,0,0,1,1,1
1518134400000,1,0,1,1,1,1,1,0,1,1,0,0,1,1,0,1,0,1,1,0,0,1,1,1
1518220800000,1,0,1,0,0,0,1,0,1,1,1,1,1,1,1,1,1,1,1,1,0,1,1,0
1518307200000,0,1,0,0,0,0,0,1,1,1,1,1,1,0,1,1,1,1,1,1,1,1,1,0
1518393600000,0,0,0,0,0,0,0,0,0,0,1,0,1,1,0,1,0,0,0,0,0,1,1,1
1518480000000,1,1,1,0,1,1,1,0,1,1,0,0,1,0,1,1,1,1,1,1,1,1,1,0
1518566400000,0,0,0,1,0,0,0,0,1,1,0,1,1,1,0,1,0,0,0,0,0,1,1,1
1518652800000,1,0,1,0,1,1,1,1,1,1,0,1,1,1,1,1,1,0,0,1,1,1,1,1
1518739200000,1,1,1,1,0,0,1,1,1,1,0,0,1,0,0,1,0,0,0,0,0,1,1,1
1518825600000,1,0,1,0,0,0,1,0,1,1,0,0,1,1,1,1,1,1,1,1,0,1,1,1
1518912000000,1,1,1,1,1,1,1,1,1,1,0,1,0,0,1,1,1,0,0,1,1,1,1,0
1518998400000,0,0,0,0,0,0,0,1,1,1,0,1,1,1,0,1,0,0,0,0,1,1,1,1
1519084800000,1,1,1,0,1,1,1,0,1,1,0,0,1,0,1,1,1,1,1,1,0,1,1,1
1519171200000,1,1,1,1,0,0,1,1,1,1,0,1,1,1,1,1,1,0,0,0,1,1,1,0
1519257600000,0,0,0,0,0,0,0,1,0,0,0,0,1,1,0,1,1,1,1,0,1,1,1,0
1519344000000,0,1,0,0,1,1,0,0,0,0,0,1,1,0,0,1,1,0,0,0,0,1,1,1
1519430400000,1,0,1,1,1,1,1,0,0,0,0,0,1,1,0,1,0,0,0,0,0,1,1,0
1519516800000,0,1,0,0,0,0,0,0,1,0,0,1,1,1,1,1,0,1,1,1,0,1,1,1
1519603200000,1,0,1,1,1,1,1,0,0,0,0,0,1,0,1,1,1,0,0,0,0,1,1,1
1519689600000,1,1,1,1,1,1,1,1,1,1,0,0,1,1,0,1,0,0,0,0,1,1,1,1
1519776000000,1,1,1,0,0,0,1,0,1,1,0,1,1,1,0,1,1,1,1,0,0,1,1,0
1519862400000,0,1,0,0,0,0,0,1,1,1,0,0,1,1,0,1,1,1,1,1,0,1,1,1
1519948800000,1,0,1,1,1,1,1,0,1,0,0,1,1,0,1,1,0,0,0,0,1,1,1,1
1520035200000,1,1,1,0,0,0,1,0,1,1,0,1,1,1,1,1,1,1,1,1,0,1,1,1
1520121600000,1,1,1,0,1,1,1,1,1,1,1,1,1,1,0,1,0,0,0,0,1,1,1,1
1520208000000,1,0,1,1,0,0,1,0,1,1,0,0,1,1,1,1,0,1,1,0,1,1,1,1
1520294400000,1,1,1,0,1,1,1,0,1,1,0,1,1,0,1,1,1,0,0,1,1,1,1,0
1520380800000,0,1,0,1,0,0,0,1,0,0,0,0,1,0,0,1,0,0,0,0,1,1,1,0
1520467200000,0,0,0,0,0,0,0,1,0,0,0,0,1,1,0,1,1,1,1,1,0,1,1,0
1520553600000,0,1,0,1,1,1,0,0,0,0,0,1,1,0,0,1,0,1,1,0,0,1,1,0
1520640000000,0,0,0,1,1,1,0,1,0,0,0,0,1,1,0,1,1,0,0,0,1,1,1,0
1520726400000,0,1,0,0,0,0,0,0,1,1,0,0,1,1,1,1,0,1,1,1,0,1,1,1
1520812800000,1,0,1,1,1,1,1,1,1,0,0,1,1,1,0,1,1,0,0,1,0,1,1,0
1520899200000,0,1,0,0,0,0,0,0,1,1,0,0,1,1,1,1,1,0,0,0,1,1,1,1
1520985600000,1,0,1,1,1,1,1,0,0,1,0,0,0,0,0,1,0,1,1,0,0,1,1,0
1521072000000,0,1,0,0,0,0,0,1,0,0,0,1,1,1,1,1,0,1,1,1,1,1,1,1
1521158400000,1,0,1,0,1,1,1,1,0,0,0,1,1,0,0,1,0,0,0,0,0,1,1,1
1521244800000,1,1,1,0,1,1,1,0,1,1,0,0,1,1,1,1,1,1,1,1,0,1,1,0
1521331200000,0,0,0,1,0,0,0,0,0,0,0,1,1,1,0,1,1,0,0,0,0,1,1,1
1521417600000,1,1,1,1,1,1,1,1,0,0,0,0,1,0,0,1,0,0,0,0,1,1,1,1
1521504000000,1,0,1,0,1,1,1,0,1,1,0,1,1,0,1,1,0,1,1,1,0,1,1,1
1521590400000,1,1,1,1,1,1,1,0,1,1,0,1,1,1,0,1,1,1,1,0,0,1,1,0
1521676800000,0,1,0,0,0,0,0,0,1,1,0,0,0,1,1,1,0,1,1,1,0,1,1,0
1521763200000,0,0,0,0,0,0,0,1,0,0,0,1,1,1,1,1,1,0,0,1,1,1,1,0
1521849600000,0,0,0,1,1,1,0,0,0,0,0,0,1,0,0,1,0,1,1,0,0,1,1,0
1521936000000,0,1,0,0,1,1,0,1,1,1,0,1,1,1,1,1,1,0,0,1,0,1,1,0
1522022400000,0,1,0,0,0,0,0,0,0,0,0,0,1,1,0,1,0,1,1,0,0,1,1,0
1522108800000,0,0,0,1,0,0,0,1,0,0,0,0,1,1,0,0,0,0,0,0,1,1,1,1
1522195200000,1,0,1,0,1,1,1,1,0,0,0,0,1,0,0,1,0,1,1,0,0,1,1,0
1522281600000,0,0,0,1,0,0,0,0,0,0,0,0,1,1,1,1,1,0,0,1,0,1,1,0
1522368000000,0,1,0,1,0,0,0,1,0,0,0,0,0,0,0,1,0,0,0,0,1,1,1,0
1522454400000,0,0,0,0,1,1,0,1,0,0,0,0,1,0,0,1,1,1,1,1,0,1,1,1
1522540800000,1,1,1,0,1,1,1,0,0,1,0,1,1,1,1,1,1,0,0,0,0,1,1,0
1522627200000,0,0,0,0,0,0,0,0,0,0,0,1,0,0,0,1,0,1,1,0,0,1,1,1
1522713600000,1,1,1,1,1,1,1,0,1,1,0,0,1,0,1,1,1,0,0,0,1,1,1,1
1522800000000,1,0,1,0,1,1,1,1,1,1,0,1,1,1,0,1,1,1,1,1,0,1,1,0
1522886400000,0,0,0,1,0,0,0,1,0,0,0,0,0,1,1,1,0,0,0,0,1,1,1,0
1522972800000,0,1,0,0,1,1,0,0,0,0,0,0,1,1,0,1,0,1,1,1,0,1,1,0
1523059200000,0,1,0,0,1,1,0,0,0,0,0,1,1,0,0,1,0,1,1,0,0,1,1,1
1523145600000,1,0,1,1,1,1,1,0,1,1,0,0,0,1,1,1,1,0,0,1,1,1,1,1
1523232000000,1,0,1,1,0,0,1,0,1,1,0,1,1,1,1,1,1,1,1,0,0,1,1,0
1523318400000,0,0,0,0,0,0,0,1,1,0,1,1,1,0,1,1,1,0,0,1,1,1,1,1
1523404800000,1,1,1,0,1,1,1,0,0,1,0,1,1,1,1,1,0,0,0,1,0,1,1,1
1523491200000,1,0,1,0,0,0,1,1,1,1,0,0,1,0,0,1,1,1,1,0,1,1,1,1
1523577600000,1,0,1,0,1,1,1,1,1,0,0,1,1,1,1,1,0,0,0,0,1,1,1,1
1523664000000,1,1,1,0,0,0,1,0,1,1,0,0,1,0,0,1,0,1,1,1,0,1,1,1
1523750400000,1,0,1,0,1,1,1,0,0,1,0,0,1,0,0,1,1,0,0,0,0,1,1,1
1523836800000,1,1,1,0,1,1,1,1,1,1,1,0,1,1,1,1,0,1,1,1,1,1,1,0
1523923200000,0,0,0,1,0,0,0,1,0,0,1,0,1,1,0,0,1,0,0,1,0,1,1,0
1524009600000,0,1,0,1,1,1,0,0,0,0,0,1,1,1,1,1,0,0,0,0,1,1,1,1
1524096000000,1,0,1,1,1,1,1,1,1,1,0,1,1,0,0,1,1,1,1,0,0,0,0,1
1524182400000,1,1,1,1,0,0,1,1,1,1,0,0,1,0,0,1,0,0,0,0,1,1,0,1
1524268800000,1,0,1,0,1,1,1,1,1,1,0,1,1,1,0,1,1,1,1,1,1,1,1,1
1524355200000,1,0,1,0,1,1,1,1,1,1,0,0,1,0,1,1,0,0,0,0,1,1,0,1
1524441600000,1,0,1,0,0,0,1,0,0,1,1,1,1,1,1,1,0,0,0,0,0,1,0,1
1524528000000,1,1,1,0,0,0,1,0,0,0,0,0,1,0,0,1,0,0,0,0,1,1,0,1
1524614400000,1,1,1,1,1,1,1,1,1,1,1,1,1,1,1,1,0,1,1,1,1,1,1,0
1524700800000,0,1,0,1,0,0,0,1,1,0,1,1,0,1,1,1,1,0,0,1,1,0,1,0
1524787200000,0,0,0,0,1,1,0,0,0,0,1,1,1,1,0,1,0,1,1,0,0,0,1,0
1524873600000,0,0,0,1,0,0,0,0,1,1,1,1,1,1,1,1,1,1,1,1,1,1,1,1
1524960000000,1,1,1,0,1,1,1,1,1,0,1,1,1,0,1,1,0,1,1,1,1,1,0,1
1525046400000,1,0,1,0,0,0,1,0,1,1,1,0,1,0,0,1,1,0,0,0,1,0,1,0
1525132800000,0,1,0,0,0,0,0,0,0,0,1,1,0,1,1,0,0,1,1,1,0,0,0,0
1525219200000,0,1,0,1,0,0,0,1,0,0,0,0,1,0,0,1,1,0,0,0,0,0,1,1
1525305600000,1,0,1,0,1,1,1,0,0,1,0,1,0,1,1,1,0,1,1,0,0,0,0,1
1525392000000,1,1,1,1,1,1,1,1,1,1,0,1,1,0,1,1,1,1,1,1,1,0,1,1
1525478400000,1,1,1,0,0,0,1,0,1,1,1,0,1,0,0,1,1,0,0,0,0,1,0,1
1525564800000,1,0,1,0,0,0,1,1,1,1,0,1,1,0,1,1,0,1,1,1,0,0,1,0
1525651200000,0,1,0,1,0,0,0,0,0,0,1,1,1,0,0,1,0,0,0,0,1,1,0,0
1525737600000,0,1,0,1,1,1,0,0,0,0,1,1,1,1,1,1,1,0,0,1,0,1,1,0
1525824000000,0,0,0,0,1,1,0,1,0,0,1,0,1,1,0,0,1,0,0,0,0,1,0,1
1525910400000,1,0,1,1,1,1,1,0,0,0,0,0,1,0,0,1,1,1,1,0,1,0,1,0
1525996800000,0,1,0,1,0,0,0,0,1,1,0,0,1,1,0,1,0,0,0,0,0,0,0,0
1526083200000,0,1,0,0,0,0,0,1,0,0,0,0,1,0,0,1,1,0,0,0,1,0,1,1
1526169600000,1,0,1,0,1,1,1,0,0,0,0,1,0,1,1,1,1,1,1,1,0,0,1,1
1526256000000,1,0,1,0,1,1,1,0,1,1,0,0,1,1,0,1,0,0,0,0,0,0,1,1
1526342400000,1,1,1,1,0,0,1,1,1,0,0,1,1,1,0,1,0,1,0,0,1,1,1,0
1526428800000,0,0,0,0,0,0,0,0,0,1,0,0,1,1,1,1,1,0,0,0,0,0,0,0
1526515200000,0,1,0,1,1,1,0,1,0,0,0,0,1,1,0,1,1,1,1,1,1,0,1,0
1526601600000,0,0,0,1,1,1,0,0,0,1,0,0,1,0,1,1,1,1,1,1,0,0,0,1
1526688000000,1,0,1,0,1,1,1,1,0,0,0,0,1,1,0,1,0,0,0,0,1,1,1,0
1526774400000,0,1,0,0,0,0,0,0,1,1,0,0,1,0,0,1,0,1,0,0,0,0,1,1
1526860800000,1,0,1,1,1,1,1,1,1,1,1,1,1,0,1,1,1,1,1,1,1,0,1,0
1526947200000,0,1,0,0,0,0,0,1,1,1,1,0,1,0,1,1,0,1,1,0,1,0,0,0
1527033600000,0,0,0,1,0,0,0,0,0,0,1,1,1,1,0,1,0,0,0,1,0,1,1,0
1527120000000,0,0,0,1,0,0,0,1,0,0,1,1,0,0,1,1,0,0,0,0,1,1,0,0
1527206400000,0,1,0,0,1,1,0,0,0,0,0,0,1,1,0,1,0,0,0,0,0,1,1,0
1527292800000,0,0,0,1,1,1,0,0,0,1,0,1,1,0,0,0,1,1,1,0,0,0,0,1
1527379200000,1,1,1,0,1,1,1,0,0,1,0,1,1,0,1,1,0,0,0,1,0,0,1,0
1527465600000,0,0,0,0,0,0,0,1,0,0,0,0,1,0,1,1,1,1,1,1,1,0,0,0
1527552000000,0,1,0,0,0,0,0,1,0,0,0,0,1,1,0,1,0,0,0,0,1,1,1,1
1527638400000,1,0,1,1,1,1,1,1,1,0,0,0,1,1,0,1,1,1,1,0,1,0,1,0
1527724800000,0,0,0,1,0,0,0,0,1,1,0,0,1,0,0,1,0,0,0,0,0,1,1,1
1527811200000,1,1,1,0,1,1,1,0,1,1,0,1,1,0,1,1,1,1,1,1,0,0,0,0
1527897600000,0,0,0,1,0,0,0,1,1,0,0,0,1,1,0,1,1,0,0,0,1,0,1,1
1527984000000,1,1,1,1,1,1,1,0,1,1,1,0,1,0,1,1,0,1,1,1,1,1,1,1
1528070400000,1,0,1,0,0,0,1,0,1,1,1,1,1,0,0,1,1,0,0,0,0,0,0,0
1528156800000,0,1,0,0,0,0,0,1,0,0,1,0,1,1,0,1,0,0,0,0,1,1,1,1
1528243200000,1,1,1,0,1,1,1,0,0,0,1,1,0,1,1,1,1,1,1,1,0,1,0,1
1528329600000,1,0,1,0,0,0,1,1,1,1,1,1,1,1,0,1,0,0,0,0,1,0,1,1
1528416000000,1,0,1,0,0,0,1,0,1,1,1,1,1,1,1,1,0,1,1,1,0,0,1,0
1528502400000,0,0,0,1,0,0,0,1,0,0,1,1,1,0,0,1,1,0,0,0,1,0,0,0
1528588800000,0,0,0,1,0,0,0,0,0,1,0,1,1,1,1,1,0,1,1,1,0,0,1,0
1528675200000,0,1,0,0,0,0,0,1,0,0,0,0,1,1,0,1,1,0,0,0,1,0,0,1
1528761600000,1,0,1,1,1,1,1,0,0,1,0,0,1,0,0,1,0,1,1,0,0,0,1,0
1528848000000,0,1,0,0,0,0,0,1,1,0,0,0,1,0,0,1,1,0,0,0,1,0,1,0
1528934400000,0,1,0,1,1,1,0,1,0,0,0,0,1,1,1,1,0,1,1,1,0,1,0,1
1529020800000,1,0,1,0,1,1,1,0,1,1,0,0,1,0,0,1,0,0,0,0,1,0,0,0
1529107200000,0,1,0,0,0,0,0,0,0,1,0,0,1,1,0,1,0,1,1,0,0,0,0,1
1529193600000,1,1,1,1,1,1,1,1,0,0,0,0,1,1,0,1,0,0,0,0,0,0,1,0
1529280000000,0,0,0,1,0,0,0,0,1,1,0,0,1,0,0,1,1,0,0,0,1,1,0,1
1529366400000,1,1,1,1,1,1,1,1,1,0,0,1,1,1,1,1,1,1,1,1,1,0,1,0
1529452800000,0,0,0,0,0,0,0,0,0,1,1,1,1,0,0,1,0,0,0,0,0,1,1,1
1529539200000,1,1,1,0,1,1,1,1,0,0,1,1,1,0,1,1,1,1,1,1,1,1,1,0
1529625600000,0,1,0,1,0,0,0,0,0,1,1,0,1,0,1,1,0,1,1,1,1,1,0,0
1529712000000,0,0,0,1,0,0,0,1,0,0,0,0,1,0,0,1,0,0,0,0,1,1,1,1
1529798400000,1,1,1,1,1,1,1,0,0,0,0,0,1,1,0,1,0,0,0,0,0,0,0,0
1529884800000,0,1,0,1,0,0,0,1,1,0,0,1,1,1,1,1,1,1,1,1,1,1,1,1
1529971200000,1,0,1,0,1,1,1,0,1,1,0,1,1,0,0,1,1,0,1,1,0,0,0,0
1530057600000,0,1,0,0,0,0,0,0,0,1,0,1,1,1,1,1,1,1,1,0,0,0,1,0
1530144000000,0,1,0,1,0,0,0,1,0,0,0,1,1,0,0,1,1,0,0,1,1,1,1,0
1530230400000,0,0,0,1,0,0,0,0,0,0,1,0,1,0,0,1,0,0,0,1,0,1,1,1
1530316800000,1,0,1,1,1,1,1,1,0,0,0,0,1,1,1,1,1,0,0,0,1,0,0,1
1530403200000,1,1,1,0,1,1,1,1,1,1,0,1,1,1,0,1,0,1,1,1,1,1,1,1
1530489600000,1,0,1,1,0,0,1,0,0,1,0,0,1,0,1,1,1,0,0,0,0,0,0,1
1530576000000,1,0,1,1,1,1,1,1,1,1,0,1,1,0,1,1,0,1,1,1,1,1,1,0
1530662400000,0,1,0,0,0,0,0,0,0,1,0,0,1,0,0,1,1,0,0,0,0,0,0,1
1530748800000,1,0,1,0,1,1,1,1,1,0,0,0,1,1,1,1,1,1,1,0,1,0,0,0
1530835200000,0,0,0,1,0,0,0,0,0,1,0,0,1,0,0,1,1,0,0,0,0,0,0,1
1530921600000,1,1,1,0,1,1,1,0,0,1,0,0,1,1,1,1,0,1,1,1,0,0,0,0
1531008000000,0,0,0,1,0,0,0,0,1,1,0,1,1,1,0,1,1,0,0,0,1,0,1,1
1531094400000,1,1,1,1,1,1,1,1,1,1,0,0,1,0,0,1,0,0,0,0,1,1,0,0
1531180800000,0,1,0,1,0,0,0,0,0,1,0,0,1,0,0,1,1,1,1,0,0,0,0,0
1531267200000,0,1,0,1,0,0,0,1,1,0,0,1,1,1,1,1,0,0,0,1,1,0,1,0
1531353600000,0,0,0,0,1,1,0,0,0,0,0,1,1,1,0,1,0,0,0,0,0,1,0,0
1531440000000,0,1,0,0,0,0,0,1,0,0,0,1,1,1,1,1,1,1,1,1,1,0,1,1
1531526400000,1,0,1,1,1,1,1,1,0,0,0,1,1,0,0,1,0,0,0,0,1,0,0,1
1531612800000,1,1,1,0,0,0,1,0,0,1,0,0,1,0,1,1,1,1,1,1,0,1,0,1
1531699200000,1,0,1,1,1,1,1,1,1,1,0,1,1,1,1,1,0,1,1,0,0,0,1,1
1531785600000,1,1,1,0,1,1,1,1,1,1,0,0,1,0,0,1,0,0,0,0,1,1,1,1
1531872000000,1,1,1,0,1,1,1,1,1,1,0,0,1,0,0,1,1,1,1,0,1,0,0,0
1531958400000,0,0,0,1,0,0,0,0,1,1,0,0,1,1,0,1,0,0,0,0,0,0,0,1
1532044800000,1,0,1,1,1,1,1,0,0,1,0,0,1,0,1,1,1,1,1,1,0,1,0,0
1532131200000,0,0,0,1,0,0,0,1,1,0,0,0,1,0,0,1,0,0,0,0,1,0,0,1
1532217600000,1,0,1,0,1,1,1,0,0,0,0,1,1,1,1,1,1,1,1,1,0,0,1,0
1532304000000,0,0,0,0,0,0,0,1,1,1,0,1,1,0,0,1,0,1,1,0,1,1,1,1
1532390400000,1,1,1,1,1,1,1,1,1,1,0,1,1,1,1,1,1,1,1,1,1,1,1,1
1532476800000,1,0,1,0,1,1,1,1,1,1,0,0,1,0,0,1,0,0,0,0,0,1,0,1
1532563200000,1,1,1,0,0,0,1,0,1,1,0,0,1,0,1,1,0,1,1,1,0,1,1,0
1532649600000,0,0,0,1,0,0,0,0,0,0,0,0,1,0,0,1,1,1,1,1,0,0,1,1
1532736000000,1,0,1,0,1,1,1,1,0,0,0,1,1,1,0,1,0,0,0,0,1,1,0,0
1532822400000,0,1,0,0,0,0,0,0,0,1,0,0,1,0,0,0,1,0,0,0,0,0,0,1
1532908800000,1,1,1,1,1,1,1,0,1,1,0,1,1,1,1,1,1,1,1,1,0,1,0,0
1532995200000,0,0,0,0,0,0,0,1,0,0,1,1,1,0,1,1,0,1,1,1,1,1,1,0
1533081600000,0,1,0,0,0,0,0,1,0,0,1,1,1,0,1,1,1,1,1,1,0,1,1,0
1533168000000,0,1,0,0,1,1,0,0,0,0,1,1,1,0,0,1,0,0,0,0,1,1,1,1
1533254400000,1,0,1,1,1,1,1,0,0,0,1,1,1,1,1,1,1,1,0,0,0,1,1,0
1533340800000,0,0,0,0,0,0,0,1,0,0,0,1,1,0,0,1,1,1,1,0,1,0,0,0
1533427200000,0,1,0,1,0,0,0,1,0,0,0,1,1,0,1,0,0,1,1,1,0,1,1,1
1533513600000,1,0,1,0,1,1,1,0,0,0,0,0,1,1,0,1,1,0,0,0,1,1,0,0
1533600000000,0,1,0,1,0,0,0,0,1,0,0,1,1,0,1,1,0,1,1,1,0,0,1,0
1533686400000,0,0,0,0,1,1,0,1,0,0,1,1,1,0,0,1,0,0,0,0,1,1,1,0
1533772800000,0,1,0,0,0,0,0,1,0,0,0,0,1,0,1,1,0,1,1,1,0,0,0,1
1533859200000,1,0,1,1,1,1,1,0,0,1,0,0,1,1,0,1,1,0,0,0,0,0,0,0
1533945600000,0,0,0,0,0,0,0,1,1,0,0,1,1,1,0,1,0,1,1,1,1,0,1,1
1534032000000,1,1,1,0,1,1,1,0,0,0,0,0,1,1,0,1,0,0,0,0,0,0,0,0
1534118400000,0,0,0,1,0,0,0,0,0,1,0,1,1,0,1,1,1,1,1,1,0,1,1,0
1534204800000,0,1,0,1,0,0,0,1,1,0,0,1,1,1,0,1,1,0,0,0,1,0,0,0
1534291200000,0,1,0,0,1,1,0,1,0,0,0,0,1,1,1,1,0,1,1,1,0,1,0,1
1534377600000,1,1,1,1,1,1,1,1,1,1,0,0,1,0,1,1,1,1,1,0,1,1,0,0
1534464000000,0,0,0,1,0,0,0,0,0,1,0,0,1,0,0,1,0,1,1,1,0,0,1,1
1534550400000,1,0,1,0,1,1,1,0,1,1,0,1,1,0,1,1,1,1,1,0,0,1,0,0
1534636800000,0,1,0,1,0,0,0,0,1,1,1,1,1,1,0,1,0,1,1,0,0,0,1,1
1534809600000,1,1,1,0,1,1,1,0,0,1,0,0,1,0,0,1,1,0,0,0,0,0,0,1
1534896000000,1,0,1,1,1,1,1,1,0,0,1,1,1,1,0,1,0,1,1,1,1,1,0,0
1534982400000,0,1,0,1,0,0,0,1,1,1,0,1,1,1,0,1,0,0,0,0,1,0,0,1
1535068800000,1,0,1,0,1,1,1,0,0,0,0,1,1,1,0,1,1,1,1,1,0,1,1,1
1535155200000,1,1,1,0,1,1,1,0,1,1,0,1,1,0,1,1,1,1,1,1,1,1,1,1
1535241600000,1,0,1,1,0,0,1,0,1,1,0,0,1,1,0,1,0,0,0,0,1,0,1,0
1535328000000,0,0,0,0,0,0,0,1,0,0,0,1,1,0,0,1,1,0,0,0,0,0,0,1
1535414400000,1,1,1,0,1,1,1,0,0,1,0,0,1,0,1,1,1,0,0,1,1,1,0,1
1535500800000,1,1,1,1,1,1,1,1,1,1,0,0,1,1,1,1,0,1,1,1,1,1,1,0
1535587200000,0,1,0,0,0,0,0,0,1,1,1,1,1,0,1,1,0,1,1,1,1,1,1,0
1535673600000,0,0,0,1,0,0,0,1,0,0,1,1,1,0,0,1,1,0,0,0,0,1,0,1
1535760000000,1,1,1,1,1,1,1,0,1,1,1,1,1,0,1,1,1,1,1,1,1,1,0,1
1535846400000,1,0,1,0,1,1,1,1,1,1,1,0,1,0,1,1,0,0,0,0,0,0,0,1
1535932800000,1,1,1,1,0,0,1,1,1,1,0,1,1,1,0,1,0,1,1,1,1,0,0,1
1536019200000,1,1,1,0,0,0,1,0,0,1,0,1,1,0,1,1,0,0,0,0,0,0,1,1
1536105600000,1,0,1,0,0,0,1,1,1,1,1,1,1,1,0,1,1,0,0,0,1,1,1,0
1536192000000,0,0,0,1,0,0,0,1,0,0,0,1,1,0,1,1,0,1,1,1,0,0,1,0
1536278400000,0,1,0,1,0,0,0,1,0,0,0,0,1,1,0,1,1,0,0,0,1,1,0,0
1536364800000,0,0,0,0,1,1,0,0,0,1,0,1,1,1,0,1,0,1,1,1,0,0,1,0
1536451200000,0,0,0,1,0,0,0,1,0,0,1,1,1,0,1,1,1,1,1,1,1,1,0,1
1536537600000,1,0,1,1,1,1,1,0,0,1,1,1,1,0,1,1,0,0,0,0,0,0,1,0
1536624000000,0,1,0,1,0,0,0,1,0,1,0,1,1,0,1,1,1,0,0,1,1,0,1,1
1536710400000,1,0,1,0,1,1,1,0,1,0,1,1,1,1,1,1,1,1,1,1,0,1,0,0
1536796800000,0,1,0,1,0,0,0,0,0,1,1,1,1,1,0,1,0,0,0,0,1,1,1,1
1536883200000,1,0,1,1,1,1,1,1,1,1,0,0,1,0,1,1,1,0,0,0,0,0,1,1
1536969600000,1,1,1,0,0,0,1,0,1,1,0,0,1,0,0,1,0,1,1,0,1,0,1,0
1537056000000,0,0,0,1,0,0,0,0,0,1,0,1,1,1,1,1,1,1,1,1,0,1,0,0
1537142400000,0,1,0,1,1,1,0,1,0,0,0,0,1,0,1,1,1,1,1,1,0,0,1,0
1537228800000,0,0,0,0,0,0,0,1,1,0,0,1,1,1,1,1,1,1,1,1,1,0,1,1
1537315200000,1,0,1,0,1,1,1,0,0,1,0,1,1,0,0,1,0,1,1,0,1,1,0,1
1537401600000,1,1,1,0,0,0,1,1,1,0,1,1,1,0,1,1,1,0,0,0,0,1,1,1
1537488000000,1,1,1,1,1,1,1,0,1,1,1,0,1,1,0,1,1,1,1,1,1,1,1,1
1537574400000,1,0,1,0,1,1,1,1,1,1,1,1,1,1,1,1,0,1,1,1,1,1,0,0
1537660800000,0,0,0,1,0,0,0,0,1,1,1,1,0,1,0,1,1,0,0,0,0,0,1,0
1537747200000,0,1,0,0,1,1,0,0,0,1,1,1,1,0,1,1,0,1,1,1,0,1,0,0
1537833600000,0,0,0,0,0,0,0,1,0,0,0,0,1,0,1,1,1,1,1,1,1,0,1,0
1537920000000,0,0,0,1,0,0,0,1,0,0,0,1,1,0,0,1,0,0,0,0,0,0,0,1
1538006400000,1,1,1,0,1,1,1,0,0,1,0,1,1,1,1,1,1,1,1,1,1,0,1,1
1538092800000,1,0,1,1,1,1,1,1,1,1,0,0,1,0,1,1,1,1,1,0,0,1,1,0
1538179200000,0,0,0,1,0,0,0,1,1,1,0,1,1,1,0,1,0,0,0,0,1,0,1,0
1538265600000,0,0,0,0,1,1,0,0,0,0,1,1,1,0,1,1,1,1,1,1,0,0,0,0
1538352000000,0,1,0,1,1,1,0,0,1,1,0,1,1,0,0,1,0,0,0,0,1,1,1,1
1538438400000,1,0,1,1,1,1,1,1,0,0,1,1,1,1,1,1,1,1,1,1,0,0,0,0
1538524800000,0,1,0,0,0,0,0,1,0,0,1,0,1,0,0,1,0,0,0,0,0,1,1,0
1538611200000,0,0,0,0,0,0,0,1,0,0,0,1,1,0,0,1,1,1,1,0,0,0,0,1
1538697600000,1,1,1,1,1,1,1,0,1,1,0,1,1,1,0,1,0,0,0,0,0,0,0,1
1538784000000,1,1,1,1,0,0,1,0,0,1,0,0,1,0,1,1,1,1,1,1,0,0,1,1
1538870400000,1,0,1,0,0,0,1,1,1,1,1,1,1,0,1,1,0,0,0,1,1,1,1,0
1538956800000,0,0,0,1,1,1,0,0,0,0,1,1,1,0,0,1,1,0,0,0,0,0,0,1
1539043200000,1,1,1,0,1,1,1,1,1,1,1,0,1,0,1,1,0,1,1,1,1,1,0,0
1539129600000,0,1,0,1,0,0,0,0,0,1,1,1,1,1,1,1,1,1,1,1,0,0,0,0
1539216000000,0,0,0,0,0,0,0,1,0,0,0,0,1,0,0,1,0,0,0,0,0,0,1,0
1539302400000,0,0,0,0,0,0,0,1,0,0,0,0,1,1,0,1,1,0,0,0,1,0,1,1
1539388800000,1,1,1,0,1,1,1,0,0,0,0,1,1,0,1,1,1,0,0,0,0,0,0,1
1539475200000,1,0,1,1,0,0,1,0,0,1,1,1,1,0,0,0,0,1,1,1,1,1,1,1
1539561600000,1,1,1,1,1,1,1,1,1,1,1,1,1,0,0,1,0,0,0,0,1,1,0,1
1539648000000,1,1,1,1,1,1,1,1,1,0,1,1,1,0,1,1,1,1,1,1,1,1,0,1
1539734400000,1,1,1,0,0,0,1,0,0,1,0,1,1,0,1,1,0,1,1,1,0,0,1,1
1539820800000,1,0,1,1,0,0,1,0,0,1,0,0,1,0,1,1,1,1,1,1,1,0,1,0
1539907200000,0,1,0,1,0,0,0,1,0,0,0,1,1,1,0,1,0,0,0,0,0,0,1,0
1539993600000,0,1,0,0,1,1,0,1,0,0,0,0,1,0,1,1,1,1,1,1,1,0,0,1
1540080000000,1,0,1,1,1,1,1,0,0,0,0,1,1,1,0,1,0,0,0,0,0,0,0,1
1540166400000,1,0,1,1,0,0,1,1,1,1,0,0,1,1,1,1,0,1,1,1,0,1,1,0
1540252800000,0,1,0,0,0,0,0,1,0,0,0,1,1,0,0,1,1,0,0,0,1,0,0,0
1540339200000,0,0,0,0,1,1,0,1,0,0,0,1,1,1,1,1,1,0,0,0,0,0,1,1
1540425600000,1,1,1,1,1,1,1,0,1,1,0,0,1,0,0,1,0,1,1,1,1,0,0,0
1540512000000,0,1,0,0,0,0,0,1,0,0,0,1,1,0,1,1,1,1,1,1,0,1,1,0
1540598400000,0,0,0,1,1,1,0,0,1,1,0,1,1,0,0,1,1,0,0,0,1,1,1,0
1540684800000,0,1,0,1,0,0,0,0,0,0,0,0,0,0,1,1,0,1,1,0,0,0,1,0
1540771200000,0,1,0,1,1,1,0,0,0,0,0,1,1,1,0,1,1,1,1,0,1,0,0,0
1540857600000,0,0,0,0,0,0,0,1,0,0,0,1,1,1,0,1,0,0,0,0,0,0,1,0
1540944000000,0,1,0,0,1,1,0,0,0,0,0,0,1,1,1,1,1,1,1,1,1,0,0,1
1541030400000,1,1,1,0,1,1,1,0,1,0,0,1,1,0,0,1,0,0,0,0,0,1,0,1
1541116800000,1,1,1,0,0,0,1,0,1,1,0,1,1,1,1,1,1,1,1,1,1,0,1,1
1541203200000,1,0,1,0,1,1,1,0,1,1,0,0,1,1,1,1,1,1,1,1,0,1,1,0
1541289600000,0,1,0,1,0,0,0,1,0,0,1,0,1,1,1,1,0,0,0,1,1,1,0,1
1541376000000,1,0,1,0,1,1,1,0,1,1,1,1,1,0,0,1,0,0,0,0,1,1,1,0
1541462400000,0,0,0,1,0,0,0,0,0,1,0,0,1,0,0,1,1,0,0,0,0,1,0,1
1541548800000,1,1,1,1,1,1,1,1,1,1,0,0,1,0,1,1,1,1,1,1,1,0,1,1
1541635200000,1,0,1,0,1,1,1,1,1,1,1,1,1,1,0,0,0,1,1,0,1,0,0,0
1541721600000,0,1,0,1,0,0,0,0,0,0,0,0,1,1,0,1,0,0,0,0,0,1,0,0
1541808000000,0,1,0,0,1,1,0,0,0,0,1,1,1,0,1,1,1,1,1,1,1,1,1,1
1541894400000,1,0,1,1,1,1,1,0,0,1,0,0,1,0,1,1,1,1,1,1,0,0,0,0
1541980800000,0,0,0,0,0,0,0,1,0,0,0,1,1,1,0,1,0,0,0,0,1,1,0,1
1542067200000,1,0,1,1,1,1,1,1,1,1,0,0,1,1,1,1,1,0,0,0,0,1,0,1
1542153600000,1,0,1,1,0,0,1,1,1,0,0,0,1,0,0,1,0,0,0,1,1,0,1,0
1542240000000,0,1,0,1,0,0,0,1,0,0,0,1,1,0,0,1,0,1,1,0,1,1,1,0
1542326400000,0,0,0,1,1,1,0,0,0,0,0,0,1,0,1,1,1,0,0,0,0,1,1,0
1542412800000,0,1,0,0,1,1,0,0,0,1,0,0,1,0,1,1,1,1,1,1,0,0,0,1
1542499200000,1,1,1,1,1,1,1,0,0,1,1,1,1,1,0,1,0,1,1,1,0,0,1,1
1542585600000,1,0,1,0,0,0,1,1,1,1,0,1,1,0,1,1,0,0,0,0,1,1,1,0
1542672000000,0,0,0,0,0,0,0,1,0,0,0,0,1,0,0,1,1,0,0,1,1,1,0,0
1542758400000,0,1,0,1,1,1,0,1,0,0,0,0,1,0,0,1,1,0,0,0,0,0,0,1
1542844800000,1,1,1,1,1,1,1,0,0,1,0,0,1,0,0,1,1,1,1,1,0,0,0,0
1542931200000,0,0,0,1,0,0,0,0,0,1,0,0,1,0,0,1,1,0,0,0,0,0,0,0
1543017600000,0,1,0,0,1,1,0,1,0,0,0,1,1,1,1,1,1,1,1,1,1,1,1,0
1543104000000,0,0,0,1,0,0,0,1,1,0,0,1,1,1,0,1,0,0,0,0,0,1,0,1
1543190400000,1,1,1,0,1,1,1,1,0,0,1,0,1,0,1,1,1,1,1,1,1,1,1,0
1543276800000,0,0,0,1,0,0,0,0,0,1,1,1,1,0,0,1,0,0,0,0,0,1,1,1
1543363200000,1,0,1,1,1,1,1,0,0,0,0,0,1,1,1,1,1,1,1,1,0,1,0,1
1543449600000,1,1,1,1,1,1,1,1,1,1,0,0,1,0,0,1,0,0,0,0,1,1,1,1
1543536000000,1,0,1,0,0,0,1,0,1,1,0,0,1,0,1,1,0,1,1,0,0,1,1,0
1543622400000,0,0,0,0,0,0,0,1,0,0,0,1,1,0,0,1,1,0,0,0,0,1,1,1
1543708800000,1,1,1,1,1,1,1,0,0,1,0,0,1,0,0,1,1,1,1,1,1,0,1,0
1543795200000,0,0,0,1,0,0,0,0,1,1,0,0,1,0,1,1,0,0,0,0,0,0,0,0
1543881600000,0,1,0,0,0,0,0,1,0,0,0,0,1,0,0,1,1,1,1,1,1,1,1,1
1543968000000,1,1,1,0,1,1,1,0,0,0,0,1,1,0,0,1,0,0,0,0,0,0,0,0
1544054400000,0,0,0,1,0,0,0,0,0,0,0,0,1,1,1,1,0,1,1,1,1,1,1,0
1544140800000,0,1,0,0,1,1,0,1,0,0,0,1,1,1,0,1,1,0,0,0,0,1,0,0
1544227200000,0,0,0,1,0,0,0,1,0,0,0,1,1,0,1,1,1,1,1,1,1,1,1,1
1544313600000,1,1,1,1,1,1,1,0,1,1,0,0,1,1,0,1,0,0,0,0,0,1,1,0
1544400000000,0,0,0,1,0,0,0,0,0,1,0,1,1,1,1,1,1,1,1,1,1,1,0,0
1544486400000,0,1,0,0,0,0,0,0,0,1,0,1,1,1,0,1,0,0,0,0,0,0,1,0
1544572800000,0,0,0,1,1,1,0,1,0,0,1,0,1,0,1,1,0,0,0,0,1,1,1,1
1544659200000,1,1,1,0,1,1,1,0,1,1,1,1,1,0,0,1,0,0,0,0,0,1,0,0
1544745600000,0,0,0,1,0,0,0,1,0,0,0,0,1,1,0,1,1,0,0,0,1,0,1,0
1544832000000,0,1,0,0,1,1,0,1,0,0,0,0,1,0,0,1,1,0,0,0,0,1,0,0
1544918400000,0,1,0,0,1,1,0,0,0,0,1,1,1,1,1,1,1,1,1,1,1,1,1,1
1545004800000,1,0,1,1,1,1,1,1,1,1,1,1,1,0,0,1,0,0,0,0,0,1,0,1
1545091200000,1,0,1,0,1,1,1,1,1,1,1,1,1,1,1,1,1,1,1,1,1,0,1,1
1545177600000,1,0,1,1,0,0,1,0,0,1,0,1,1,1,0,1,0,0,0,0,0,1,0,1
1545264000000,1,1,1,1,1,1,1,1,1,1,0,0,1,0,0,1,0,0,0,0,1,0,0,1
1545350400000,1,0,1,0,1,1,1,1,1,1,1,0,1,1,1,1,1,1,1,1,0,1,0,0
1545436800000,0,1,0,1,0,0,0,0,1,1,1,1,1,0,0,1,0,0,0,0,0,0,1,1
1545523200000,1,0,1,1,1,1,1,0,0,1,0,0,1,1,0,1,0,1,1,1,0,0,0,1
1545609600000,1,1,1,0,0,0,1,1,1,1,0,1,1,0,0,1,1,0,0,0,1,1,0,1
1545696000000,1,1,1,1,1,1,1,1,1,1,0,1,1,1,0,1,0,1,1,1,1,0,1,0
1545782400000,0,1,0,1,0,0,0,0,0,0,0,1,1,1,1,1,1,0,0,0,0,1,0,1
1545868800000,1,0,1,1,1,1,1,0,0,1,1,0,1,0,0,1,1,0,0,0,0,1,0,0
1545955200000,0,1,0,0,0,0,0,1,0,0,0,1,1,0,1,1,1,1,1,1,0,0,0,1
1546041600000,1,0,1,0,1,1,1,1,1,0,0,0,1,0,0,1,0,0,0,0,1,0,1,1
1546128000000,1,0,1,1,0,0,1,0,0,1,0,1,1,1,1,1,1,1,1,1,1,0,0,0
1546214400000,0,1,0,0,0,0,0,1,1,0,0,1,1,0,0,1,0,0,0,0,0,0,1,0
1546300800000,0,0,0,1,0,0,0,0,0,0,1,1,1,1,1,1,1,1,1,1,0,1,1,1
1546387200000,1,1,1,1,1,1,1,0,0,1,1,0,1,0,0,1,0,0,0,0,1,0,1,1
1546473600000,1,0,1,0,1,1,1,1,1,1,1,1,1,0,1,1,0,1,1,1,1,0,0,0
1546560000000,0,1,0,0,0,0,0,0,1,1,1,1,1,1,1,1,1,0,0,1,1,1,0,1
1546646400000,1,1,1,1,1,1,1,1,0,0,0,1,1,0,0,1,0,1,1,0,0,0,0,0
1546732800000,0,1,0,0,0,0,0,1,1,1,0,1,1,0,1,1,1,1,1,0,1,1,1,1
1546819200000,1,1,1,1,1,1,1,1,1,0,0,1,1,1,0,1,1,1,1,1,0,0,1,0
1546905600000,0,0,0,1,0,0,0,0,0,1,0,1,1,1,0,1,1,0,0,0,0,1,1,1
1546992000000,1,0,1,0,1,1,1,1,1,1,1,0,1,0,1,1,1,1,1,1,1,1,0,0
1547078400000,0,1,0,1,0,0,0,1,0,0,0,0,1,0,0,1,0,0,0,0,1,0,1,0
1547164800000,0,1,0,0,0,0,0,1,0,0,0,0,0,1,1,1,0,1,1,1,1,0,0,0
1547251200000,0,1,0,0,1,1,0,0,0,1,0,1,0,0,1,1,1,1,1,1,0,0,1,1
1547337600000,1,0,1,0,1,1,1,1,0,0,0,0,1,1,0,1,1,0,0,0,1,0,1,0
1547424000000,0,1,0,1,0,0,0,1,0,0,0,0,1,1,0,1,1,1,1,1,1,0,0,1
1547510400000,1,1,1,1,1,1,1,1,1,1,0,1,1,0,1,1,0,0,0,0,1,1,0,0
1547596800000,0,0,0,1,0,0,0,0,0,1,0,1,1,1,0,1,1,0,0,0,1,0,0,1
1547683200000,1,1,1,0,1,1,1,0,0,1,0,1,0,0,0,1,1,1,1,1,0,0,1,1
1547769600000,1,1,1,1,1,1,1,0,0,0,1,1,1,0,0,1,0,1,1,1,1,0,1,0
1547856000000,0,0,0,1,0,0,0,0,1,1,1,1,1,0,1,1,0,1,1,1,1,1,0,1
1547942400000,1,0,1,1,1,1,1,1,1,1,1,1,1,1,1,1,0,1,1,1,1,1,1,0
1548028800000,0,1,0,1,0,0,0,1,0,0,1,1,1,0,1,1,0,0,0,1,1,1,1,0
1548115200000,0,1,0,0,1,1,0,0,0,1,1,1,1,1,0,1,1,0,0,0,0,0,0,1
1548201600000,1,0,1,0,1,1,1,1,1,0,0,0,0,0,0,0,1,1,0,0,0,0,0,0
1548288000000,0,1,0,0,0,0,0,0,0,1,0,0,1,1,0,1,0,1,0,0,0,0,0,1
1548374400000,1,1,1,0,1,1,1,0,0,0,0,0,1,0,1,1,0,1,1,1,1,0,1,0
1548460800000,0,0,0,1,0,0,0,0,0,0,0,1,1,1,0,1,1,0,0,0,0,0,1,1
1548547200000,1,1,1,1,1,1,1,1,1,1,1,1,0,0,1,1,1,1,1,0,1,1,0,0
1548633600000,0,0,0,1,0,0,0,0,0,0,0,0,1,1,0,1,0,0,0,0,1,0,0,0
1548720000000,0,1,0,0,0,0,0,1,0,0,0,1,0,0,1,1,1,1,1,1,1,0,1,0
1548806400000,0,0,0,1,1,1,0,0,0,0,1,1,1,0,1,1,0,0,0,1,0,1,1,1
1548892800000,1,1,1,0,1,1,1,1,1,1,0,0,0,1,0,1,1,0,0,0,1,0,0,0
1548979200000,0,0,0,0,0,0,0,0,1,1,0,1,1,0,1,1,0,1,1,1,0,1,1,1
1549065600000,1,1,1,1,1,1,1,1,0,0,1,1,1,1,1,1,1,1,0,1,1,0,1,0
1549152000000,0,1,0,1,0,0,0,0,1,1,1,0,1,0,0,0,0,0,0,0,0,0,0,0
1549238400000,0,0,0,0,0,0,0,0,1,0,0,1,0,1,1,1,0,1,1,1,1,0,1,1
1549324800000,1,1,1,0,1,1,1,0,0,1,0,0,1,0,0,1,1,0,0,0,0,1,0,1
1549411200000,1,1,1,1,1,1,1,0,0,0,0,0,1,0,0,1,0,0,0,0,0,0,0,0
1549497600000,0,0,0,0,0,0,0,1,1,0,0,1,1,1,1,1,1,1,1,1,0,0,1,0
1549584000000,0,1,0,1,1,1,0,0,0,1,1,0,1,0,0,1,0,0,0,0,1,1,0,1
1549670400000,1,1,1,0,1,1,1,1,1,1,1,1,1,0,1,1,1,1,1,1,1,1,1,1
1549756800000,1,0,1,1,0,0,1,0,0,1,0,1,1,0,1,1,1,0,0,1,0,1,1,1
1549843200000,1,0,1,0,0,0,1,1,0,0,1,1,0,0,1,1,0,1,1,1,1,0,1,0
1549929600000,0,0,0,1,0,0,0,1,1,1,0,0,1,0,0,1,1,0,0,0,1,1,0,0
1550016000000,0,0,0,0,1,1,0,1,0,0,0,1,1,1,1,1,1,1,1,1,0,1,1,0
1550102400000,0,1,0,1,0,0,0,1,1,0,0,0,1,1,0,1,0,0,0,0,1,1,0,0
1550188800000,0,0,0,0,1,1,0,0,0,1,0,0,1,0,0,1,1,1,1,0,0,0,0,1
1550275200000,1,1,1,0,1,1,1,1,1,1,0,1,1,1,1,1,1,1,1,1,0,1,0,1
1550361600000,1,1,1,0,1,1,1,0,1,1,0,0,1,0,0,1,0,0,0,1,1,0,1,1
1550448000000,1,0,1,1,0,0,1,1,1,0,0,1,1,1,1,1,1,0,0,1,1,0,1,1
1550534400000,1,1,1,1,1,1,1,1,1,1,1,1,1,1,1,0,0,1,1,1,1,1,1,1
1550620800000,1,0,1,0,0,0,1,0,1,1,0,0,1,0,0,1,0,0,0,0,0,0,0,1
1550707200000,1,1,1,0,1,1,1,0,0,1,0,1,1,0,1,1,1,1,1,0,0,0,1,0
1550793600000,0,0,0,1,0,0,0,1,1,0,0,0,1,1,0,1,1,1,1,1,1,0,1,1
1550880000000,1,1,1,1,1,1,1,0,0,1,0,0,1,0,0,1,0,0,0,0,0,0,0,1
1550966400000,1,0,1,0,1,1,1,1,1,1,0,0,0,0,1,1,0,1,1,1,1,0,0,0
1551052800000,0,1,0,1,0,0,0,1,1,0,0,1,1,1,1,1,1,0,0,0,1,0,1,1
1551139200000,1,0,1,0,1,1,1,0,0,1,0,0,1,1,0,1,0,0,0,0,0,0,0,0
1551225600000,0,1,0,1,0,0,0,0,0,1,0,1,1,1,1,1,1,1,1,1,0,0,1,0
1551312000000,0,0,0,1,0,0,0,1,0,0,0,1,1,0,0,1,0,0,0,0,1,1,0,1
1551398400000,1,1,1,1,1,1,1,1,1,1,0,0,1,1,0,0,0,1,1,0,0,1,1,1
1551484800000,1,0,1,0,1,1,1,0,0,1,0,0,1,1,1,1,0,1,1,1,1,1,0,0
1551571200000,0,0,0,1,0,0,0,1,0,0,0,0,1,1,1,1,1,0,0,1,1,1,1,0
1551657600000,0,0,0,0,0,0,0,0,0,1,1,0,1,0,0,1,0,0,0,0,0,1,0,0
1551744000000,0,0,0,1,0,0,0,1,0,0,0,1,1,1,0,1,1,1,1,1,1,1,1,1
1551830400000,1,1,1,0,1,1,1,1,1,1,0,0,1,1,1,1,1,0,0,0,1,0,0,1
1551916800000,1,0,1,1,0,0,1,0,1,1,0,0,1,0,0,1,0,1,1,1,0,0,1,1
1552003200000,1,1,1,0,0,0,1,1,1,1,0,1,1,0,1,1,1,1,1,1,0,0,1,0
1552089600000,0,0,0,1,0,0,0,1,1,0,0,0,1,0,0,1,1,0,0,0,1,1,1,1
1552176000000,1,0,1,1,1,1,1,0,1,1,0,1,1,0,1,1,1,1,1,1,0,0,1,1
1552262400000,1,1,1,0,0,0,1,0,0,1,0,0,1,1,0,1,0,0,0,0,1,1,1,0
1552348800000,0,1,0,0,0,0,0,1,0,0,0,0,1,0,0,1,1,1,1,1,0,0,0,1
1552435200000,1,1,1,1,1,1,1,1,0,0,0,1,1,0,0,1,1,0,0,0,1,1,1,0
1552521600000,0,0,0,0,0,0,0,0,0,1,0,0,1,0,0,1,0,1,1,1,0,0,0,1
1552608000000,1,0,1,1,1,1,1,1,1,0,0,0,1,1,1,1,1,0,0,0,1,1,1,1
1552694400000,1,1,1,0,1,1,1,0,1,1,0,1,1,1,0,1,0,1,1,1,1,0,1,1
1552780800000,1,0,1,1,1,1,1,1,1,1,1,1,1,1,1,1,1,0,0,0,1,0,1,0
1552867200000,0,1,0,0,0,0,0,0,0,1,0,1,1,0,0,1,0,0,0,0,0,0,0,1
1552953600000,1,1,1,0,1,1,1,1,1,0,0,0,1,0,1,1,1,0,0,0,1,0,0,1
1553040000000,1,0,1,0,1,1,1,1,1,1,0,1,1,1,1,1,0,1,1,1,0,1,0,1
1553126400000,1,1,1,1,1,1,1,1,1,1,1,0,1,1,1,1,1,1,1,1,1,1,1,0
1553212800000,0,0,0,0,0,0,0,1,1,0,1,1,0,0,1,1,0,1,1,1,1,1,0,1
1553299200000,1,0,1,1,1,1,1,0,0,1,1,1,1,1,1,1,1,0,0,0,0,0,1,1
1553385600000,1,1,1,0,1,1,1,0,1,0,0,0,1,0,0,1,1,1,1,0,0,0,1,0
1553472000000,0,0,0,1,0,0,0,0,0,0,0,1,1,0,0,1,1,1,0,0,0,0,1,0
1553558400000,0,0,0,1,0,0,0,1,0,0,1,1,1,1,1,1,0,1,1,1,1,1,0,1
1553644800000,1,1,1,0,1,1,1,0,0,1,0,0,1,1,0,1,1,0,0,1,0,0,1,1
1553731200000,1,1,1,0,1,1,1,1,1,1,0,1,1,0,1,1,1,1,1,1,1,1,0,0
1553817600000,0,0,1,1,0,0,0,0,1,1,1,0,1,0,1,1,0,0,0,1,0,1,1,1
1553904000000,1,1,1,1,1,1,1,1,1,1,1,1,1,0,0,1,1,1,1,1,1,0,0,0
1553990400000,0,1,0,1,0,0,0,0,1,1,0,0,1,0,0,1,0,0,0,0,0,0,1,1
1554076800000,1,0,1,1,1,1,1,0,0,1,0,0,1,1,1,1,0,1,1,0,1,1,0,1
1554163200000,1,0,1,0,1,1,1,1,1,0,0,0,1,0,0,1,1,0,0,0,0,0,0,1
1554249600000,1,1,1,0,1,1,1,1,1,1,1,1,1,1,1,1,0,1,1,1,1,1,1,1
1554336000000,1,1,1,0,0,0,1,0,1,1,1,1,1,0,0,1,1,0,0,1,0,1,1,0
1554422400000,0,1,0,1,0,0,0,0,0,0,1,0,0,0,0,1,1,0,0,0,0,1,0,1
1554508800000,1,0,1,0,1,1,1,0,0,1,1,1,1,0,1,1,0,1,1,0,0,0,1,1
1554854400000,1,0,1,1,0,0,1,1,1,1,1,1,1,1,1,1,1,1,1,1,1,1,1,1
1554940800000,1,0,1,0,1,1,1,1,1,1,0,1,1,1,0,0,0,0,0,0,0,0,0,0
1555027200000,0,1,0,1,0,0,0,1,0,0,1,1,1,0,0,1,1,0,0,0,1,0,0,1
1555113600000,1,0,1,0,1,1,1,0,0,0,0,0,1,0,0,1,0,1,1,0,0,0,0,1
1555200000000,1,0,1,0,0,0,1,0,1,1,0,0,1,1,0,1,0,0,0,0,1,0,0,1
1555286400000,1,0,1,0,1,1,1,0,0,0,0,0,1,0,0,1,1,0,0,0,0,0,0,0
1555372800000,0,1,0,0,0,0,0,1,1,0,0,0,1,0,1,1,0,1,1,1,1,1,1,1
1555459200000,1,0,1,1,1,1,1,0,1,1,0,1,1,0,1,1,1,0,0,1,1,1,1,1
1555545600000,1,0,1,0,0,0,1,1,1,1,1,0,1,1,0,1,0,0,0,0,0,0,0,1
1555632000000,1,1,1,1,1,1,1,1,1,1,0,1,1,1,1,1,1,1,1,1,1,0,0,0
1555718400000,0,0,0,0,0,0,0,0,1,0,1,1,1,1,1,1,1,0,0,1,0,1,1,0
1555804800000,0,0,0,0,1,1,0,1,1,1,1,0,1,1,0,1,0,0,0,0,1,1,0,1
1555891200000,1,1,1,0,0,0,1,0,0,0,1,1,1,1,1,1,1,1,1,0,0,0,1,1
1555977600000,1,0,1,1,1,1,1,1,1,1,0,0,1,1,0,1,0,0,0,0,1,0,0,1
1556064000000,1,1,1,0,1,1,1,1,1,1,0,1,1,1,1,1,1,1,1,1,1,1,1,0
1556150400000,0,1,0,1,0,0,0,1,1,1,0,0,1,0,0,1,1,0,0,0,1,1,0,0
1556236800000,0,0,0,0,1,1,0,0,0,0,1,1,0,1,1,1,0,1,1,1,0,0,1,0
1556323200000,0,1,0,1,1,1,0,1,0,0,0,0,1,0,1,1,1,0,0,0,1,1,0,1
1556409600000,1,0,1,0,0,0,1,0,0,1,0,1,0,0,0,1,0,1,1,0,0,0,0,1
1556496000000,1,1,1,0,1,1,1,1,1,1,1,0,1,1,1,1,0,1,1,1,1,1,0,0
1556582400000,0,1,0,0,0,0,0,0,0,0,0,1,1,1,0,1,1,0,0,0,0,0,1,1
1556668800000,1,0,1,1,1,1,1,1,1,1,0,1,1,1,1,1,1,1,1,1,1,1,1,1
1556755200000,1,1,1,0,0,0,1,0,1,1,1,1,0,0,1,1,0,1,1,1,0,1,0,1
1556841600000,1,0,1,0,1,1,1,1,1,1,1,0,1,0,1,0,1,0,0,1,1,1,0,1
1556928000000,1,1,1,1,1,1,1,1,1,1,1,1,0,0,0,1,0,0,0,0,0,0,1,1
1557014400000,1,0,1,0,0,0,1,0,1,1,0,0,1,0,1,1,0,1,1,1,0,0,0,0
1557100800000,0,1,0,0,0,0,0,0,0,1,1,1,0,1,1,1,1,1,0,1,0,1,1,0
1557187200000,0,0,0,1,1,1,0,1,0,0,1,1,1,1,0,1,1,0,0,0,1,0,0,1
1557273600000,1,0,1,1,1,1,1,1,1,1,0,0,1,0,1,1,0,1,1,1,0,0,0,0
1557360000000,0,1,0,1,0,0,0,0,0,0,0,0,1,0,0,1,1,0,0,0,1,0,0,1
1557446400000,1,1,1,0,1,1,1,1,1,1,1,1,1,1,1,1,0,1,1,1,0,1,1,1
1557532800000,1,0,1,1,1,1,1,1,1,1,1,0,1,1,0,0,1,0,0,0,0,0,0,1
1557619200000,1,0,1,0,1,1,1,1,1,1,0,1,1,1,1,1,0,1,1,1,1,1,1,1
1557705600000,1,1,1,1,0,0,1,1,1,1,0,0,1,0,0,1,1,0,0,0,1,0,0,1
1557792000000,1,0,1,0,1,1,1,0,1,1,1,0,1,0,1,1,0,1,1,1,1,1,1,0
1557878400000,0,1,0,0,0,0,0,1,1,1,1,1,1,1,1,1,0,0,0,1,1,1,0,1
1557964800000,1,0,1,1,1,1,1,0,1,1,1,1,1,1,1,1,1,1,1,0,0,0,0,0
1558051200000,0,1,0,0,0,0,0,1,1,0,1,1,0,0,1,1,0,0,0,0,1,1,1,0
1558137600000,0,0,0,1,0,0,0,1,0,0,1,1,1,0,0,1,1,0,0,1,0,0,0,1
1558224000000,1,1,1,1,1,1,1,0,0,1,0,0,1,1,0,1,0,1,1,0,0,0,1,1
1558310400000,1,0,1,0,1,1,1,1,1,1,0,1,1,0,1,1,0,1,1,1,1,1,0,0
1558396800000,0,1,0,0,0,0,0,0,1,1,1,1,1,0,1,1,1,0,0,1,1,1,1,0
1558483200000,0,0,0,1,0,0,0,0,0,1,0,0,1,1,1,0,1,1,1,0,0,0,0,0
1558569600000,0,1,0,1,0,0,0,1,0,0,0,1,0,0,0,1,0,1,1,0,1,0,1,1
1558656000000,1,1,1,1,1,1,1,1,0,0,0,0,1,1,1,1,0,0,0,0,0,0,0,1
1558742400000,1,0,1,1,0,0,1,0,1,1,1,1,1,1,1,1,1,1,1,1,1,0,0,0
1558828800000,0,0,0,0,0,0,0,0,0,1,1,0,0,1,0,1,1,0,0,0,0,1,1,1
1558915200000,1,1,1,1,1,1,1,1,1,0,0,1,1,0,1,1,0,1,1,1,1,1,0,1
1559001600000,1,1,1,0,0,0,1,1,1,1,0,1,1,1,0,0,1,0,0,0,0,0,0,0
1559088000000,0,0,0,0,0,0,0,0,0,0,0,1,0,0,0,1,1,1,1,0,1,0,1,0
1559174400000,0,0,0,1,1,1,0,0,0,0,0,0,1,0,0,1,1,0,0,0,0,0,1,0
1559260800000,0,0,0,0,0,0,0,1,1,0,1,0,1,1,1,1,0,1,1,1,1,1,0,1
1559347200000,1,1,1,1,1,1,1,0,0,1,1,1,1,1,1,1,1,1,1,1,0,0,1,1
1559433600000,1,1,1,1,0,0,1,0,1,1,1,1,1,0,0,1,1,0,0,0,1,1,1,1
1559520000000,1,1,1,0,1,1,1,1,1,1,0,0,1,1,0,1,0,1,1,1,0,1,0,0
1559606400000,0,0,0,0,0,0,0,1,0,0,1,1,0,1,1,1,1,0,0,0,1,0,1,0
1559692800000,0,1,0,1,0,0,0,1,0,0,0,0,1,0,0,1,0,0,0,0,0,1,0,1
1559779200000,1,1,1,0,1,1,1,0,0,0,0,1,1,1,1,1,1,1,1,1,0,0,0,0
1559865600000,0,0,0,1,0,0,0,0,0,0,0,0,1,0,0,1,0,0,0,0,0,0,0,1
1559952000000,1,0,1,1,1,1,1,1,1,1,0,0,1,1,1,1,1,1,1,0,1,1,1,0
1560038400000,0,1,0,1,0,0,0,0,0,1,0,0,1,0,0,1,1,0,0,1,0,1,1,0
1560124800000,0,0,0,0,0,0,0,0,0,0,0,0,1,1,0,1,0,0,0,0,1,0,1,1
1560211200000,1,1,1,0,1,1,1,1,1,0,0,1,1,0,1,1,0,1,1,1,1,1,1,0
1560297600000,0,1,0,1,0,0,0,0,1,1,1,1,1,0,1,1,1,0,0,0,0,1,0,1
1560384000000,1,1,1,0,1,1,1,1,1,1,0,0,1,0,0,0,1,1,1,0,1,1,0,1
1560470400000,1,0,1,1,0,0,1,0,1,1,0,1,1,1,1,1,1,1,1,1,0,0,1,1
1560556800000,1,1,1,0,1,1,1,1,1,1,1,1,1,0,0,1,0,0,0,1,1,1,1,1
1560643200000,1,0,1,1,0,0,1,0,1,1,0,1,1,1,0,1,0,0,0,0,1,1,0,1
1560729600000,1,1,1,1,1,1,1,1,1,1,0,1,1,1,1,1,1,1,1,1,1,0,0,1
1560816000000,1,1,1,0,0,0,1,0,1,1,1,1,0,1,1,1,1,0,0,0,0,1,1,0
1560902400000,0,0,0,1,0,0,0,0,1,0,1,1,1,1,0,1,0,0,0,0,1,0,1,1
1560988800000,1,1,1,0,1,1,1,0,0,0,0,0,1,0,0,1,1,0,0,0,0,0,0,1
1561075200000,1,0,1,0,0,0,1,1,1,1,0,0,1,0,0,1,0,1,1,1,1,0,1,1
1561161600000,1,1,1,1,1,1,1,1,1,1,1,1,1,0,1,1,1,1,1,1,1,0,0,1
1561248000000,1,1,1,0,1,1,1,1,1,1,0,0,1,1,0,1,0,0,0,0,1,1,1,1
1561334400000,1,1,1,0,0,0,1,0,1,1,0,1,1,0,0,1,0,0,0,0,0,1,1,0
1561420800000,0,1,0,1,0,0,0,0,0,1,1,1,1,1,1,1,1,1,1,1,1,1,0,1
1561507200000,1,1,1,0,1,1,1,1,1,1,0,1,1,1,0,0,0,0,0,0,1,0,0,1
1561593600000,1,0,1,1,1,1,1,1,1,1,1,1,0,0,1,1,0,1,1,1,1,1,1,0
1561680000000,0,1,0,1,0,0,0,0,0,0,0,0,1,0,0,1,1,0,0,0,0,0,0,1
1561766400000,1,0,1,0,1,1,1,0,0,1,0,1,1,1,0,1,1,1,1,1,0,0,1,0
1561852800000,0,1,0,1,0,0,0,0,1,1,0,0,1,1,0,1,0,0,0,0,0,0,1,0
1561939200000,0,0,0,0,0,0,0,0,0,0,0,0,0,0,1,1,0,1,1,1,0,0,0,0
1562025600000,0,1,0,1,1,1,0,1,0,0,0,1,0,1,0,1,1,0,0,0,1,0,0,1
1562112000000,1,0,1,1,1,1,1,1,0,0,0,1,1,0,1,1,1,1,1,1,0,0,1,1
1562198400000,1,0,1,1,1,1,1,0,1,1,0,0,0,0,1,1,1,0,0,0,1,0,1,1
1562284800000,1,1,1,0,0,0,1,0,1,1,0,0,1,1,0,1,0,0,0,0,0,0,0,0
1562371200000,0,0,0,0,0,0,0,0,0,0,1,0,1,1,1,1,0,0,0,0,0,1,1,1
1562457600000,1,1,1,1,1,1,1,0,0,1,1,1,0,0,0,1,1,1,1,1,0,1,1,1
1562544000000,1,1,1,0,1,1,1,0,0,1,1,1,1,0,0,1,1,0,0,1,0,1,0,1
1562630400000,1,1,1,1,1,1,1,1,1,1,0,1,0,1,1,0,0,0,0,0,1,0,1,1
1562716800000,1,0,1,0,0,0,1,1,1,1,0,1,1,0,0,1,1,1,1,1,1,0,1,0
1562803200000,0,0,0,1,0,0,0,1,1,0,0,0,1,1,0,1,0,1,1,1,1,1,1,0
1562889600000,0,1,0,0,0,0,0,0,0,0,0,0,1,0,0,1,0,0,0,0,0,0,1,1
1562976000000,1,0,1,0,1,1,1,0,0,1,0,1,0,0,1,1,1,1,1,1,0,1,0,0
1563062400000,0,0,0,1,0,0,0,1,0,0,1,1,1,1,1,0,0,0,0,0,0,0,1,0
1563148800000,0,1,0,0,1,1,0,1,0,0,0,1,1,0,1,1,1,0,0,0,1,1,0,1
1563235200000,1,1,1,1,1,1,1,1,0,0,0,0,1,0,0,1,0,1,1,0,1,0,1,0
1563321600000,0,0,0,0,0,0,0,1,1,0,0,0,1,1,0,1,1,1,0,0,0,0,1,1
1563408000000,1,0,1,1,1,1,1,0,0,0,0,0,0,1,1,1,1,1,1,1,0,0,1,1
1563494400000,1,1,1,1,1,1,1,1,1,1,0,0,1,0,0,1,0,0,0,0,0,0,1,0
1563580800000,0,0,0,0,0,0,0,0,1,1,0,0,1,1,0,1,1,0,0,0,0,0,0,1
1563667200000,1,1,1,1,1,1,1,0,1,1,0,0,1,0,1,1,0,1,1,1,0,0,1,0
1563753600000,0,1,0,0,0,0,0,1,1,0,0,0,1,1,1,1,1,0,0,1,0,0,0,0
1563840000000,0,0,0,1,1,1,0,1,0,0,0,1,1,1,1,1,0,0,0,0,1,0,0,0
1563926400000,0,1,0,0,1,1,0,0,0,0,0,0,1,0,0,1,1,0,0,0,1,1,0,0
1564012800000,0,0,0,0,0,0,0,1,0,0,0,0,1,1,0,1,1,1,1,1,0,0,1,1
1564099200000,1,1,1,0,1,1,1,0,1,1,0,1,1,0,0,1,1,0,0,0,1,1,0,0
1564185600000,0,0,0,1,0,0,0,0,0,0,0,0,1,1,1,1,0,1,1,1,0,0,1,0
1564272000000,0,0,0,1,0,0,0,1,1,0,0,0,1,1,1,1,0,1,1,0,1,0,1,0
1564358400000,0,1,0,0,1,1,0,0,0,1,0,0,1,0,0,1,1,1,1,1,0,0,1,1
1564444800000,1,0,1,1,1,1,1,1,1,0,0,1,1,0,1,1,0,0,0,0,1,1,0,1
1564531200000,1,1,1,0,1,1,1,0,1,1,0,1,1,1,0,1,0,1,1,1,0,0,1,1
1564617600000,1,1,1,1,1,1,1,1,1,1,0,0,1,0,1,1,1,1,1,1,1,1,1,1
1564704000000,1,1,1,1,0,0,1,1,1,1,1,1,1,1,1,1,1,0,0,1,0,1,0,1
1564790400000,1,0,1,0,0,0,1,1,1,1,1,1,1,1,0,1,0,1,1,1,1,1,0,1
1564876800000,1,1,1,0,1,1,1,0,1,1,1,1,1,1,0,1,1,0,0,0,0,0,1,1
1564963200000,1,1,1,1,0,0,1,1,1,1,0,0,0,1,1,1,1,1,1,1,1,1,1,1
1565049600000,1,0,1,0,1,1,1,1,1,1,0,1,1,1,0,1,1,0,0,0,1,0,0,0
1565136000000,0,1,0,0,0,0,0,1,1,1,1,1,1,0,1,1,0,1,1,1,1,1,0,1
1565222400000,1,0,1,0,1,1,1,0,0,0,1,0,0,0,0,1,0,0,0,0,0,1,0,0
1565308800000,0,1,0,0,0,0,0,0,0,1,1,1,1,0,0,1,1,0,0,1,1,1,1,1
1565395200000,1,0,1,1,1,1,1,0,1,1,0,1,1,1,1,1,1,1,1,1,0,0,1,0
1565481600000,0,1,0,0,0,0,0,1,0,0,0,1,1,0,1,1,0,0,0,1,1,1,1,1
1565568000000,1,0,1,0,1,1,1,0,0,0,0,1,1,1,0,0,0,1,1,1,0,0,0,0
1565654400000,0,1,0,1,0,0,0,0,1,1,0,0,1,0,0,1,1,0,0,0,1,1,0,0
1565740800000,0,0,0,1,0,0,0,1,0,0,0,1,1,0,1,1,0,1,1,0,0,0,0,0
1565827200000,0,0,0,0,0,0,0,1,0,0,0,0,1,0,0,1,0,0,0,0,1,0,0,1
1565913600000,1,0,1,1,1,1,1,1,0,0,0,0,1,1,1,1,1,1,1,1,0,0,1,1
1566000000000,1,0,1,0,0,0,1,0,1,1,0,0,1,1,0,1,1,1,1,1,1,0,1,0
1566086400000,0,1,0,0,0,0,0,0,0,1,0,1,0,0,0,1,0,0,0,0,0,0,0,1
1566172800000,1,0,1,1,1,1,1,0,1,1,0,1,1,1,0,1,0,1,1,1,1,0,1,1
1566259200000,1,0,1,0,1,1,1,1,1,1,0,0,1,1,0,1,0,0,0,0,0,0,0,1
1566345600000,1,0,1,1,0,0,1,0,1,1,0,1,1,0,0,1,0,1,1,1,1,0,1,0
1566432000000,0,1,0,0,0,0,0,1,0,0,0,0,1,0,0,1,1,0,0,0,0,1,0,1
1566518400000,1,0,1,1,1,1,1,0,0,0,0,0,1,0,1,1,1,1,1,1,1,0,0,1
1566604800000,1,0,1,1,1,1,1,1,1,1,0,1,1,1,1,1,1,0,0,1,0,0,0,0
1566691200000,0,1,0,0,0,0,0,0,0,0,0,1,1,0,0,1,0,0,0,0,1,0,0,0
1566777600000,0,0,0,0,1,1,0,1,0,0,0,0,1,0,1,1,0,1,1,1,0,1,1,1
1566864000000,1,1,1,1,1,1,1,1,1,1,0,0,1,1,0,1,0,0,0,0,1,0,0,0
1566950400000,0,0,0,0,0,0,0,0,0,1,0,1,1,0,0,1,0,1,1,1,0,1,0,0
1567036800000,0,0,0,0,0,0,0,1,0,0,0,0,1,0,1,1,1,0,0,0,1,0,0,0
1567123200000,0,1,0,1,1,1,0,0,0,0,0,0,1,1,0,1,1,0,0,0,0,0,1,1
1567209600000,1,0,1,1,1,1,1,0,0,1,0,1,1,0,1,1,0,0,0,0,1,0,0,1
1567296000000,1,1,1,0,0,0,1,0,0,1,1,1,1,1,0,1,1,1,1,1,0,1,1,1
1567382400000,1,1,1,1,0,0,1,0,1,1,0,1,1,1,1,1,0,1,1,1,1,1,0,1
1567468800000,1,0,1,1,1,1,1,1,1,1,0,0,1,0,0,1,1,0,0,0,0,1,1,1
1567555200000,1,1,1,0,0,0,1,0,1,1,0,1,1,1,0,0,1,1,1,1,1,0,0,0
1567641600000,0,0,0,1,0,0,0,0,1,1,0,1,1,1,1,1,1,0,0,0,0,0,0,0
1567728000000,0,0,0,1,0,0,0,0,0,1,0,0,0,1,0,1,1,0,0,0,1,0,1,0
1567814400000,0,1,0,1,0,0,0,1,1,0,0,1,1,0,0,1,0,1,1,0,0,1,0,1
1567900800000,1,0,1,0,1,1,1,0,0,1,0,1,1,1,1,0,0,1,1,1,0,0,1,0
1567987200000,0,1,0,1,0,0,0,1,1,0,0,1,1,1,1,1,1,0,0,0,1,0,1,0
1568073600000,0,1,0,0,0,0,0,1,0,0,1,1,1,0,0,1,0,1,1,1,1,0,1,0
1568160000000,0,0,0,1,0,0,0,0,0,0,0,1,1,0,1,1,1,0,0,0,0,1,0,1
1568246400000,1,0,1,1,1,1,1,1,0,0,0,1,1,0,0,1,0,1,1,0,0,0,1,1
1568332800000,1,0,1,1,1,1,1,0,1,1,0,0,1,1,1,1,1,0,0,0,0,0,0,0
1568419200000,0,1,0,0,0,0,0,1,1,1,1,1,1,1,0,1,1,0,0,0,1,1,0,1
1568505600000,1,0,1,0,1,1,1,0,1,1,0,1,1,0,0,1,1,1,1,1,0,0,0,0
1568592000000,0,0,0,0,0,0,0,0,0,1,0,0,1,1,1,1,0,0,0,0,1,0,1,1
1568678400000,1,1,1,1,1,1,1,1,0,0,0,0,1,0,0,1,0,1,1,0,0,0,0,0
1568764800000,0,0,0,0,0,0,0,0,0,1,0,1,1,0,1,1,1,1,1,1,1,0,0,0
1568851200000,0,1,0,0,1,1,0,1,0,0,1,1,1,1,1,1,0,0,0,0,0,1,0,1
1568937600000,1,0,1,1,1,1,1,1,1,0,0,0,1,1,0,1,0,1,1,1,1,0,0,0
1569024000000,0,0,0,0,0,0,0,0,0,1,0,1,1,1,1,1,1,1,1,1,0,0,1,0
1569110400000,0,0,0,0,0,0,0,1,0,0,0,0,1,0,0,1,0,0,0,0,1,0,1,1
1569196800000,1,1,1,1,1,1,1,0,0,0,0,0,1,0,0,1,1,1,1,1,0,0,1,0
1569283200000,0,1,0,0,0,0,0,1,0,0,0,1,1,1,1,1,0,0,0,0,1,1,1,0
1569369600000,0,0,0,1,0,0,0,1,0,0,0,0,0,0,0,1,0,1,1,1,1,0,1,0
1569456000000,0,1,0,0,1,1,0,0,0,1,0,0,1,0,1,1,1,1,1,1,0,0,0,0
1569542400000,0,1,0,0,0,0,0,1,0,0,0,1,1,1,0,1,1,0,0,0,1,1,1,1
1569628800000,1,0,1,1,1,1,1,0,0,1,0,0,1,0,1,1,0,1,1,1,0,0,0,0
1569715200000,0,1,0,1,0,0,0,0,1,1,0,1,1,1,0,1,1,0,0,0,1,0,1,0
1569801600000,0,1,0,0,1,1,0,1,1,0,0,0,1,0,1,1,1,1,1,1,0,0,1,1
1569888000000,1,0,1,1,1,1,1,1,0,0,0,1,1,1,0,1,0,0,0,0,1,0,1,1
1569974400000,1,1,1,0,0,0,1,0,1,1,0,0,1,0,1,1,0,1,1,1,0,0,1,0
1570060800000,0,0,0,1,0,0,0,0,0,0,0,0,1,0,1,1,1,1,1,1,1,0,0,0
1570147200000,0,0,0,0,0,0,0,1,1,0,0,0,1,0,0,1,0,0,0,0,0,0,1,1
1570233600000,1,0,1,0,1,1,1,0,0,0,0,0,1,0,1,1,1,1,1,1,1,0,0,0
1570320000000,0,1,0,1,0,0,0,1,0,1,0,1,1,1,0,1,0,0,0,0,0,0,1,0
1570406400000,0,0,0,1,0,0,0,1,0,0,0,1,1,1,0,1,0,1,1,1,1,1,1,1
1570492800000,1,1,1,1,1,1,1,1,1,0,0,1,1,0,0,1,1,0,0,0,0,0,0,0
1570579200000,0,0,0,0,0,0,0,0,0,1,0,0,1,1,0,1,1,0,0,0,1,0,1,1
1570665600000,1,0,1,1,1,1,1,1,1,1,0,1,1,1,1,1,0,1,1,1,0,0,0,0
1570752000000,0,1,0,1,0,0,0,0,0,1,1,1,1,0,1,1,1,1,1,1,1,1,1,0
1570838400000,0,0,0,0,0,0,0,1,1,0,1,1,1,0,1,1,0,0,0,1,0,0,1,1
1570924800000,1,1,1,0,1,1,1,0,0,0,1,1,0,1,1,1,1,1,1,1,1,1,0,0
1571011200000,0,0,0,0,0,0,0,1,1,0,1,0,1,1,0,1,0,0,0,0,0,1,0,1
1571097600000,1,1,1,1,1,1,1,0,0,1,0,1,0,1,0,1,0,1,0,0,1,1,0,0
1571184000000,0,1,0,0,0,0,0,1,1,0,0,0,1,0,0,1,1,1,1,0,0,0,0,0
1571270400000,0,0,0,1,1,1,0,1,0,0,0,1,1,1,0,1,0,1,1,1,1,1,1,1
1571356800000,1,0,1,0,1,1,1,0,0,0,0,1,1,0,0,1,1,0,0,0,0,1,0,0
1571443200000,0,1,0,1,0,0,0,1,1,0,0,0,1,0,0,1,1,1,1,1,1,0,1,1
1571529600000,1,0,1,1,1,1,1,0,0,1,0,1,1,1,0,1,1,1,1,0,0,0,1,1
1571616000000,1,1,1,0,1,1,1,1,1,0,1,1,1,1,1,1,0,1,1,1,1,1,1,0
1571702400000,0,1,0,1,0,0,0,0,1,1,1,0,1,1,0,1,0,0,0,0,0,0,0,0
1571788800000,0,0,0,1,0,0,0,0,0,0,0,0,1,0,0,1,1,1,1,1,1,0,0,0
1571875200000,0,0,0,0,0,0,0,1,0,0,0,0,1,1,1,1,0,1,1,1,1,1,1,1
1571961600000,1,1,1,0,1,1,1,0,0,1,1,1,1,1,0,1,1,0,0,0,0,0,0,1
1572048000000,1,1,1,0,1,1,1,1,1,1,0,0,0,0,1,1,0,1,1,0,1,0,0,1
1572134400000,1,0,1,1,0,0,1,1,1,1,0,1,1,1,1,1,1,1,1,1,1,1,1,1
1572220800000,1,1,1,0,0,0,1,0,0,1,1,1,1,1,1,1,0,1,1,1,0,1,0,0
1572307200000,0,0,0,1,0,0,0,0,1,1,1,0,1,0,0,1,1,0,0,0,0,1,0,1
1572393600000,1,1,1,1,1,1,1,0,0,0,1,1,0,1,1,1,1,1,1,1,0,1,1,0
1572480000000,0,1,0,0,0,0,0,0,0,0,0,0,1,0,0,1,1,0,0,0,0,0,0,0
1572566400000,0,0,0,0,1,1,0,1,0,0,0,0,1,1,0,1,0,1,1,0,1,0,0,1
1572652800000,1,1,1,1,1,1,1,0,0,1,0,1,0,0,1,1,1,1,1,1,0,1,1,1
1572739200000,1,0,1,0,0,0,1,0,1,1,1,1,1,0,0,1,1,0,0,0,1,1,1,0
1572825600000,0,1,0,0,0,0,0,0,0,0,1,1,1,1,1,1,0,1,1,1,0,1,1,1
1572912000000,1,0,1,1,1,1,1,1,1,1,1,1,1,1,1,1,0,1,1,1,1,1,0,0
1572998400000,0,0,0,1,0,0,0,0,0,1,1,1,1,0,1,1,1,0,0,1,0,1,1,1
1573084800000,1,0,1,0,1,1,1,0,0,1,1,1,1,1,1,1,0,1,1,1,1,1,1,0
1573171200000,0,0,0,1,0,0,0,1,0,0,1,1,1,0,0,1,0,0,0,0,0,1,0,0
1573257600000,0,1,0,0,0,0,0,1,0,0,0,0,1,0,0,1,0,1,1,1,1,0,0,0
1573344000000,0,1,0,0,1,1,0,0,0,1,0,1,1,1,1,1,1,1,1,1,0,0,1,1
1573430400000,1,0,1,1,1,1,1,1,1,1,1,1,1,1,0,1,0,0,0,0,1,1,0,0
1573516800000,0,1,0,0,0,0,0,0,0,0,0,0,1,0,0,1,1,1,1,1,0,0,1,1
1573603200000,1,1,1,0,1,1,1,0,0,0,0,0,1,0,0,1,1,0,0,0,0,1,0,0
1573689600000,0,0,0,0,0,0,0,0,0,1,0,0,1,1,1,1,0,1,1,1,1,0,1,0
1573776000000,0,1,0,0,0,0,0,1,0,0,1,1,1,0,1,0,0,1,1,1,0,1,1,0
1573862400000,0,0,0,1,1,0,0,1,0,0,1,1,0,1,0,1,1,0,0,1,1,1,0,0
1573948800000,0,0,0,1,1,1,0,0,0,1,1,1,1,0,0,1,1,0,0,0,0,0,0,1
1574035200000,1,1,1,0,1,1,1,1,1,0,0,1,1,1,0,1,1,1,1,0,1,0,1,0
1574121600000,0,1,0,1,0,0,0,1,0,0,0,0,1,0,0,1,0,0,0,0,1,0,0,0
1574208000000,0,0,0,0,1,1,0,0,0,0,0,0,1,1,1,1,0,1,1,1,1,0,0,0
1574294400000,0,0,0,1,0,0,0,0,1,1,0,0,1,0,0,1,0,0,0,0,0,0,1,0
1574380800000,0,1,0,1,0,0,0,1,0,0,0,1,1,1,1,1,1,1,1,0,1,0,0,0
1574467200000,0,1,0,1,1,1,0,1,0,0,0,0,1,0,1,1,1,0,1,1,1,1,1,1
1574553600000,1,1,1,0,1,1,1,0,0,1,1,1,1,1,1,1,1,1,1,1,0,0,0,0
1574640000000,0,0,0,1,0,0,0,1,0,0,1,1,0,0,1,1,0,1,1,1,1,1,1,1
1574726400000,1,0,1,0,1,1,1,1,1,0,1,0,1,0,0,1,0,0,0,0,1,0,0,0
1574812800000,0,0,0,0,0,0,0,0,0,1,0,1,1,0,0,1,0,1,1,1,0,0,1,1
1574899200000,1,1,1,1,1,1,1,1,1,0,1,1,1,0,1,1,0,0,0,1,1,1,1,0
1574985600000,0,0,0,0,0,0,0,0,1,1,1,1,0,0,0,1,1,0,0,0,0,0,1,1
1575072000000,1,1,1,1,1,1,1,1,1,0,0,0,1,1,0,1,1,0,0,0,1,1,0,0
1575158400000,0,1,0,0,0,0,0,0,0,1,0,0,1,0,0,1,0,1,1,0,0,0,1,0
1575244800000,0,0,0,0,1,1,0,1,0,0,0,1,1,1,0,1,0,1,1,0,1,0,0,0
1575331200000,0,1,0,0,1,1,0,0,0,0,0,0,1,1,0,1,1,1,1,1,0,0,0,0
1575417600000,0,1,0,1,1,1,0,0,0,1,0,1,1,0,1,1,1,0,0,0,1,1,1,0
1575504000000,0,0,0,0,0,0,0,1,1,0,0,1,1,0,1,1,0,1,1,1,0,0,1,1
1575590400000,1,0,1,1,1,1,1,0,0,1,1,1,1,1,0,1,1,0,0,0,1,1,1,1
1575676800000,1,1,1,0,0,0,1,1,1,1,0,1,1,0,1,1,1,1,1,1,0,0,0,1
1575763200000,1,1,1,0,0,0,1,0,1,1,0,0,1,0,1,1,0,0,0,0,1,0,1,1
1575849600000,1,0,1,1,1,1,1,1,0,0,0,0,1,0,0,1,1,0,0,0,0,0,0,0
1575936000000,0,0,0,1,0,0,0,1,1,0,1,1,1,1,1,1,0,1,1,1,1,1,1,0
1576022400000,0,1,0,1,1,1,0,0,0,0,1,1,1,1,0,1,0,0,0,0,0,0,0,0
1576108800000,0,1,0,0,1,1,0,0,0,0,1,1,0,0,1,1,1,1,1,1,1,1,1,0
1576195200000,0,1,0,1,1,1,0,1,1,0,1,1,1,1,0,1,0,0,0,0,0,1,0,1
1576281600000,1,0,1,0,1,1,1,0,0,1,1,1,1,1,0,1,1,1,1,1,1,0,1,0
1576368000000,0,0,0,1,0,0,0,1,0,0,0,1,1,0,1,1,1,0,0,1,0,1,0,1
1576454400000,1,0,1,1,1,1,1,0,0,1,1,1,1,1,0,1,1,0,0,0,1,0,1,0
1576540800000,0,1,0,0,0,0,0,1,0,0,0,0,1,0,0,1,0,0,0,0,0,0,0,0
1576627200000,0,1,0,0,0,0,0,0,0,0,0,1,0,1,0,1,0,1,1,1,1,0,0,1
1576713600000,1,0,1,1,1,1,1,1,1,0,0,1,1,0,0,1,1,0,0,0,0,0,1,0
1576800000000,0,0,0,0,0,0,0,0,1,1,0,0,1,1,0,1,0,1,1,0,1,0,0,1
1576886400000,1,0,1,1,1,1,1,0,0,1,0,0,1,1,0,1,1,0,0,0,0,0,0,0
1576972800000,0,1,0,0,0,0,0,0,0,1,0,0,1,0,1,1,0,1,1,1,1,0,0,1
1577059200000,1,1,1,1,1,1,1,1,1,1,0,1,1,0,0,1,1,0,0,0,0,0,1,0
1577145600000,0,0,0,0,0,0,0,1,1,1,0,0,1,0,1,1,1,0,0,0,1,0,0,0
1577232000000,0,0,0,1,1,1,0,0,0,0,0,0,1,1,1,1,0,1,1,1,0,0,0,0
1577318400000,0,1,0,1,1,1,0,0,0,0,1,1,1,0,1,1,0,1,1,1,0,1,1,1
1577404800000,1,1,1,1,1,1,1,1,1,1,1,1,1,1,1,1,1,1,1,1,1,1,1,1
1577491200000,1,0,1,0,1,1,1,0,0,0,1,0,1,0,0,1,1,0,0,0,1,1,1,1
1577577600000,1,1,1,1,1,1,1,0,1,1,0,1,1,0,1,1,0,1,1,1,0,0,0,1
1577664000000,1,0,1,0,1,1,1,1,1,1,0,1,1,1,1,1,0,1,0,1,1,1,1,0
1577750400000,0,1,0,1,0,0,0,1,0,0,1,1,0,1,0,1,1,0,0,1,0,1,1,0
1577836800000,0,0,0,0,1,1,0,0,0,0,1,1,1,0,0,1,1,0,0,0,1,0,0,0
1577923200000,0,0,0,0,1,1,0,0,0,1,0,1,1,1,1,1,0,1,1,1,0,1,0,0
1578009600000,0,1,0,1,0,0,0,1,0,0,1,0,1,0,1,1,1,1,1,1,1,1,1,1
1578096000000,1,0,1,1,1,1,1,1,1,0,0,1,1,0,0,1,0,0,0,0,0,0,0,1
1578182400000,1,1,1,1,0,0,1,0,0,1,0,0,1,1,1,1,1,1,1,0,0,0,0,0
1578268800000,0,0,0,1,0,0,0,1,1,1,0,1,1,1,1,1,0,1,1,1,1,1,1,1
1578355200000,1,0,1,0,1,1,1,1,1,1,1,1,1,1,1,1,0,1,1,1,0,1,1,1
1578441600000,1,1,1,0,0,0,1,1,1,1,1,1,1,1,1,1,0,0,0,0,1,1,0,1
1578528000000,1,0,1,1,0,0,1,0,1,1,1,1,1,0,0,0,1,1,1,0,0,0,0,0
1578614400000,0,0,0,1,0,0,0,0,0,0,1,0,1,0,0,1,0,0,0,0,0,0,1,1
1578700800000,1,1,1,0,1,1,1,1,1,0,0,1,0,1,1,1,1,1,1,1,0,0,0,0
1578787200000,0,1,0,1,0,0,0,0,1,1,1,1,1,0,0,1,0,0,0,0,1,1,0,1
1578873600000,1,0,1,1,1,1,1,0,0,0,1,1,0,1,1,1,1,0,0,1,0,0,1,0
1578960000000,0,1,0,0,0,0,0,0,1,1,0,0,1,0,0,1,0,0,0,0,1,1,0,1
1579046400000,1,0,1,1,1,1,1,1,1,1,1,1,0,1,1,1,0,1,1,1,1,1,0,1
1579132800000,1,1,1,1,0,0,1,0,1,1,1,1,1,0,0,1,1,0,0,0,1,1,1,0
1579219200000,0,1,0,0,0,0,0,0,0,1,0,0,1,0,0,1,1,1,1,0,0,0,0,1
1579305600000,1,0,1,0,1,1,1,1,1,1,1,1,1,1,0,1,0,0,0,0,1,1,1,1
1579392000000,1,1,1,0,0,0,1,0,0,1,0,0,0,0,1,1,0,1,1,1,0,0,0,0
1579478400000,0,0,0,1,0,0,0,1,1,0,0,0,0,0,0,1,1,0,0,0,1,0,0,1
1579564800000,1,0,1,0,1,1,1,0,0,1,0,0,1,1,1,1,0,1,1,0,0,0,1,1
1579651200000,1,0,1,0,1,1,1,0,1,0,0,0,1,1,1,1,1,0,0,1,0,0,0,0
1579737600000,0,0,0,0,0,0,0,0,1,1,0,0,1,0,0,1,0,1,1,0,1,0,0,0
1579824000000,0,0,0,1,0,0,0,1,0,0,0,0,1,1,0,1,0,0,0,0,0,0,0,1
1579910400000,1,1,1,0,1,1,1,0,0,0,0,1,1,1,1,1,0,1,1,1,1,0,1,0
1579996800000,0,1,0,0,0,0,0,0,0,1,0,1,0,0,0,1,1,0,0,0,0,1,1,1
1580083200000,1,0,1,1,1,1,1,1,1,1,0,0,1,1,0,1,1,1,1,0,1,0,0,1
1580169600000,1,0,1,0,1,1,1,1,1,1,0,1,0,1,1,1,0,1,1,1,0,1,0,1
1580256000000,1,1,1,1,0,0,1,1,1,1,1,1,0,0,1,1,1,1,1,1,1,0,1,1
1580342400000,1,1,1,1,0,0,1,0,1,1,1,1,1,1,1,1,1,0,0,1,0,1,1,1
1580428800000,1,1,1,1,1,1,1,1,1,0,1,1,0,1,1,1,0,1,1,1,1,1,0,0
1580515200000,0,0,0,0,0,0,0,0,1,1,1,1,1,1,1,1,1,0,0,0,0,1,1,0
1580601600000,0,1,0,0,1,1,0,0,0,1,1,1,1,0,0,1,1,1,1,0,1,0,1,1
1580688000000,1,0,1,1,1,1,1,1,1,0,0,1,1,0,1,1,0,1,1,1,0,0,1,0
1580774400000,0,1,0,0,0,0,0,1,1,1,0,1,0,1,0,1,1,0,0,1,1,0,0,0
1580860800000,0,0,0,0,1,1,0,0,0,0,0,0,1,0,1,1,1,0,0,0,0,0,1,1
1580947200000,1,0,1,1,1,1,1,1,1,1,1,1,1,1,1,1,1,1,1,1,1,1,1,1
1581033600000,1,1,1,1,0,0,1,0,1,1,1,1,0,0,0,1,0,0,0,0,1,1,1,1
1581120000000,1,1,1,0,1,1,1,0,1,1,1,1,0,0,1,1,0,1,1,0,0,0,1,1
1581206400000,1,0,1,1,1,1,1,1,1,1,1,0,1,0,1,0,1,1,1,0,0,0,1,1
1581292800000,1,1,1,1,1,1,1,1,1,1,1,1,1,1,0,1,0,1,1,1,1,1,1,0
1581379200000,0,0,0,0,0,0,0,0,1,0,1,1,0,0,1,1,0,0,0,1,0,1,1,1
1581465600000,1,1,1,1,1,1,1,0,1,1,0,0,1,1,0,1,1,1,1,0,0,0,1,1
1581552000000,1,1,1,1,0,0,1,1,1,1,0,1,0,0,1,1,1,1,1,0,1,0,0,0
1581638400000,0,0,0,1,0,0,0,1,1,0,0,0,1,0,0,1,0,0,0,0,1,1,1,1
1581724800000,1,1,1,0,1,1,1,0,0,1,0,0,0,1,0,1,0,1,1,1,0,0,0,0
1581811200000,0,0,0,0,0,0,0,1,1,0,0,1,0,1,1,1,1,0,0,0,1,0,1,0
1581897600000,0,0,0,0,1,1,0,1,0,0,0,0,1,0,0,1,0,0,0,0,1,0,0,0
1581984000000,0,0,0,1,0,0,0,1,0,0,0,1,1,1,1,1,1,1,1,1,0,0,0,1
1582070400000,1,1,1,1,1,1,1,0,1,1,0,1,1,0,0,0,0,0,0,0,0,0,1,0
1582156800000,0,0,0,0,0,0,0,1,1,0,0,0,1,0,0,1,1,1,1,1,1,0,0,0
1582243200000,0,1,0,1,1,1,0,0,0,1,0,0,1,0,0,1,0,1,0,0,0,0,0,1
1582329600000,1,1,1,1,1,1,1,0,1,1,0,0,1,1,1,1,1,1,1,1,0,0,1,1
1582416000000,1,1,1,0,0,0,1,1,0,0,0,1,1,0,0,1,0,0,0,0,1,0,1,1
1582502400000,1,1,1,0,1,1,1,0,1,1,0,1,1,1,1,1,1,1,1,1,1,0,0,0
1582588800000,0,0,0,1,0,0,0,1,1,0,0,0,1,1,0,1,0,0,0,0,1,0,0,0
1582675200000,0,0,0,1,1,1,0,1,0,0,0,1,1,0,0,1,1,1,1,0,0,0,1,0
1582761600000,0,1,0,1,0,0,0,1,0,0,0,0,1,1,0,1,0,0,0,0,1,0,0,0
1582848000000,0,0,0,0,1,1,0,0,0,0,0,0,1,1,0,1,1,0,0,0,0,0,0,1
1582934400000,1,0,1,1,1,1,1,0,0,0,0,0,1,0,0,1,0,0,0,0,1,1,1,0
1583020800000,0,1,0,1,0,0,0,0,0,1,0,0,1,1,1,1,1,1,1,1,0,0,1,0
1583107200000,0,0,0,0,1,1,0,1,0,0,0,1,1,1,0,1,1,0,0,0,1,0,0,1
1583193600000,1,1,1,0,1,1,1,0,1,1,0,1,1,0,1,1,1,1,1,1,0,0,0,0
1583280000000,0,1,0,1,0,0,0,1,0,1,0,1,1,0,0,1,0,0,0,0,1,1,1,0
1583366400000,0,1,0,0,1,1,0,0,0,1,0,0,1,1,1,1,0,1,1,1,0,1,1,1
1583452800000,1,1,1,1,1,1,1,1,1,1,0,0,1,1,0,1,1,1,0,0,1,0,1,1
1583539200000,1,0,1,0,0,0,1,0,1,1,0,1,1,0,1,1,0,1,1,1,0,1,1,0
1583625600000,0,1,0,1,0,0,0,1,1,0,1,1,1,1,1,1,1,0,0,1,1,1,1,0
1583712000000,0,1,0,1,0,0,0,1,0,0,0,0,1,1,0,1,0,0,0,0,1,1,1,0
1583798400000,0,0,0,0,1,1,0,1,0,0,0,0,1,0,1,1,1,1,1,1,0,0,1,1
1583884800000,1,0,1,0,1,1,1,0,0,1,0,1,1,1,0,1,1,0,0,0,0,0,1,1
1583971200000,1,0,1,1,0,0,1,1,0,0,0,0,1,1,1,1,1,1,1,1,0,0,1,0
1584057600000,0,0,0,0,0,0,0,1,0,0,0,0,1,1,0,1,1,0,0,0,1,0,1,0
1584144000000,0,1,0,0,1,1,0,1,0,0,0,0,1,0,1,1,0,1,1,1,0,0,0,0
1584230400000,0,1,0,0,0,0,0,0,0,1,0,0,1,1,1,1,1,1,1,1,0,0,0,1
1584316800000,1,1,1,0,1,1,1,1,1,0,1,1,1,1,1,1,0,1,1,1,1,1,1,0
1584403200000,0,1,0,1,0,0,0,1,0,0,1,0,1,0,1,1,1,0,0,0,1,1,1,1
1584489600000,1,0,1,0,1,1,1,0,1,1,1,1,1,1,1,1,1,1,1,1,0,1,0,0
1584576000000,0,1,0,1,0,0,0,1,0,1,1,0,1,0,0,1,0,0,0,0,0,1,1,1
1584662400000,1,1,1,0,1,1,1,1,1,1,0,1,1,1,0,1,0,0,0,0,1,1,0,0
1584748800000,0,1,0,1,0,0,0,1,1,1,0,1,1,0,0,1,0,1,1,0,0,0,1,0
1584835200000,0,1,0,1,1,1,0,0,0,1,0,1,1,0,1,1,1,1,1,1,0,0,1,0
1584921600000,0,0,0,0,0,0,0,1,0,0,0,0,1,0,0,1,1,0,0,0,1,1,1,1
1585008000000,1,0,1,1,1,1,1,1,1,0,0,0,1,0,1,1,1,1,1,0,0,0,1,1
1585094400000,1,1,1,1,0,0,1,0,1,1,0,1,1,0,0,1,0,1,1,1,1,0,1,0
1585180800000,0,0,0,1,0,0,0,0,1,1,0,0,1,0,0,1,0,0,0,0,1,0,1,1
1585267200000,1,0,1,0,1,1,1,0,0,1,0,0,1,1,0,1,1,1,1,0,0,0,1,0
1585353600000,0,0,0,0,0,0,0,1,1,1,0,0,1,0,0,1,0,0,0,0,1,0,1,0
1585440000000,0,1,0,0,0,0,0,1,0,0,0,0,1,0,0,1,1,1,1,1,0,0,1,0
1585526400000,0,0,0,1,1,1,0,0,0,0,0,0,1,1,1,1,0,1,1,1,1,0,0,1
1585612800000,1,1,1,0,1,1,1,1,1,0,0,0,1,1,0,1,0,0,0,0,0,0,1,0
1585699200000,0,1,0,0,0,0,0,0,1,1,0,0,1,0,0,1,1,1,1,1,1,0,1,0
1585785600000,0,0,0,0,1,1,0,1,0,0,0,0,1,0,0,1,0,0,0,0,0,0,0,1
1585872000000,1,1,1,1,1,1,1,1,1,1,0,0,1,0,1,1,1,1,1,1,1,1,1,0
1585958400000,0,1,0,1,0,0,0,0,0,1,0,0,1,0,0,1,0,0,0,0,0,0,0,1
1586044800000,1,1,1,0,1,1,1,0,0,1,0,0,1,0,1,0,0,1,1,1,1,0,1,0
1586131200000,0,1,0,1,0,0,0,0,0,1,0,1,1,0,0,1,1,0,0,0,0,1,1,1
1586217600000,1,1,1,1,1,1,1,1,1,1,1,1,1,0,1,1,1,1,1,1,1,1,0,0
1586304000000,0,0,0,0,0,0,0,0,1,1,1,1,1,1,0,1,0,1,1,1,1,1,1,1
1586390400000,1,1,1,0,1,1,1,0,0,1,1,0,1,0,0,1,0,0,0,0,0,1,0,0
1586476800000,0,0,0,0,0,0,0,0,0,0,1,0,1,0,1,1,1,1,1,1,0,1,1,0
1586563200000,0,1,0,1,0,0,0,1,0,0,1,1,0,0,1,1,1,1,1,1,1,1,0,0
1586649600000,0,0,0,0,1,1,0,0,0,1,1,1,1,0,0,1,0,0,0,1,0,0,0,1
1586736000000,1,1,1,0,1,1,1,1,1,1,1,0,1,1,0,1,1,0,0,0,1,1,1,0
1586822400000,0,0,0,1,0,0,0,1,0,0,1,1,1,1,1,1,0,1,1,0,0,0,1,1
1586908800000,1,1,1,0,1,1,1,0,0,1,1,1,1,1,1,0,1,1,1,1,1,1,1,0
1586995200000,0,0,0,1,0,0,0,1,0,0,0,1,1,0,0,1,1,0,0,1,1,1,1,1
1587081600000,1,1,1,0,1,1,1,1,1,0,0,1,1,0,1,1,0,1,1,0,1,0,0,0
1587168000000,0,1,0,1,0,0,0,0,1,1,0,1,1,1,1,1,1,0,0,0,0,0,1,1
1587254400000,1,0,1,0,1,1,1,0,1,1,0,1,1,1,0,1,1,1,1,1,1,0,0,0
1587340800000,0,1,0,0,0,0,0,1,1,1,1,1,1,1,1,1,0,1,1,1,0,1,1,0
1587427200000,0,1,0,1,0,0,0,1,0,0,1,1,1,1,0,1,0,0,0,0,1,1,0,1
1587513600000,1,0,1,1,1,1,1,0,0,1,0,1,1,0,0,1,1,0,0,0,0,0,1,1
1587600000000,1,0,1,1,1,1,1,0,1,1,0,1,1,0,0,1,0,1,1,0,1,0,0,1
1587686400000,1,1,1,0,1,1,1,1,1,1,1,0,1,1,1,1,1,1,1,1,1,1,1,0
1587772800000,0,0,0,1,0,0,0,0,0,1,1,1,1,1,1,1,0,0,0,0,0,0,0,1
1587859200000,1,1,1,0,1,1,1,0,1,1,1,1,1,1,1,1,0,1,1,1,1,1,1,1
1587945600000,1,1,1,0,1,1,1,0,0,1,0,1,0,0,0,1,1,0,0,0,0,0,1,1
1588032000000,1,0,1,1,1,1,1,1,1,1,0,0,1,0,1,1,0,1,1,1,0,0,0,0
1588118400000,0,1,0,0,0,0,0,0,1,1,1,1,1,0,0,1,0,1,1,1,1,1,1,1
1588204800000,1,0,1,1,1,1,1,1,1,1,1,1,1,1,1,1,1,1,1,1,1,1,1,0
1588291200000,0,1,0,0,0,0,0,0,1,1,1,0,1,0,0,1,1,0,0,0,0,1,1,1
1588377600000,1,1,1,1,1,1,1,0,0,1,0,0,1,0,1,1,0,1,1,1,0,0,0,1
1588464000000,1,0,1,0,0,0,1,0,0,1,0,0,1,1,0,1,0,0,0,0,0,0,1,0
1588550400000,0,0,0,1,0,0,0,1,1,0,1,1,1,1,1,0,1,1,1,1,1,1,1,1
1588636800000,1,1,1,0,1,1,1,0,0,0,0,1,1,1,0,1,0,0,0,0,0,0,1,1
1588723200000,1,0,1,1,1,1,1,0,1,1,0,0,1,0,0,1,1,0,0,0,1,0,1,1
1588809600000,1,0,1,0,1,1,1,0,1,1,0,0,1,0,1,1,0,1,1,1,0,1,0,1
1588896000000,1,1,1,1,1,1,1,1,1,1,0,1,1,1,1,1,1,1,1,1,1,0,1,1
1588982400000,1,1,1,1,0,0,1,0,1,1,1,1,0,1,1,1,1,0,0,1,1,1,1,0
1589068800000,0,0,0,0,0,0,0,0,0,0,1,1,1,0,1,1,0,1,1,1,0,1,1,0
1589155200000,0,0,0,1,0,0,0,1,0,0,1,0,0,0,1,1,1,0,0,1,1,1,1,0
1589241600000,0,1,0,0,1,1,0,0,0,1,1,1,1,1,0,1,1,0,0,0,0,1,1,1
1589328000000,1,1,1,0,1,1,1,0,0,1,0,0,1,0,1,1,0,1,1,1,0,0,0,1
1589414400000,1,0,1,1,1,1,1,1,1,1,0,1,1,1,0,1,1,0,0,0,0,0,1,1
1589500800000,1,1,1,0,0,0,1,1,1,1,1,1,1,1,1,1,1,1,1,1,1,1,0,0
1589587200000,0,0,0,1,0,0,0,0,0,0,1,1,1,1,0,1,0,0,0,0,0,1,1,0
1589673600000,0,1,0,1,1,1,0,0,0,1,1,1,0,0,1,0,1,1,1,1,0,1,0,1
1589760000000,1,0,1,0,1,1,1,1,1,1,1,1,1,1,1,1,1,0,0,1,0,1,1,0
1589846400000,0,1,0,1,0,0,0,1,1,1,1,1,1,0,0,0,0,0,0,0,1,1,0,0
1589932800000,0,1,0,0,1,1,0,0,0,1,0,0,1,0,0,1,1,0,0,0,0,1,1,0
1590019200000,0,1,0,1,0,0,0,1,0,0,0,0,1,0,0,1,0,1,1,0,1,0,0,0
1590105600000,0,1,0,0,0,0,0,1,0,0,0,0,0,0,0,1,1,0,0,0,0,0,1,1
1590192000000,1,1,1,0,1,1,1,0,0,1,0,0,1,0,1,1,0,1,1,1,0,0,1,1
1590278400000,1,0,1,1,0,0,1,0,1,1,0,1,1,1,1,1,0,1,1,1,0,0,0,0
1590364800000,0,1,0,0,0,0,0,1,0,0,0,1,1,0,1,1,1,1,1,1,1,1,0,0
1590451200000,0,1,0,1,1,1,0,1,0,0,1,1,0,1,0,1,0,0,0,0,1,1,0,0
1590537600000,0,0,0,0,1,1,0,0,0,1,0,0,1,0,1,1,0,1,1,1,0,0,1,1
1590624000000,1,1,1,0,1,1,1,1,1,1,0,1,1,0,0,1,1,0,0,0,0,1,1,1
1590710400000,1,0,1,1,1,1,1,1,1,1,0,1,1,1,0,1,1,0,0,0,1,1,0,0
1590796800000,0,1,0,1,0,0,0,0,1,1,0,1,1,1,1,1,1,1,1,1,0,0,0,1
1590883200000,1,0,1,0,1,1,1,1,0,0,0,1,1,1,1,1,1,1,1,1,1,1,0,0
1590969600000,0,0,0,1,0,0,0,0,1,1,1,1,0,0,1,1,0,0,0,1,0,1,0,1
